# Blender 4.0.2
# www.blender.org
g Toy_sub_middle_Toy_sub_middle
v 32.594448 42.945595 11.676630
v -65.261284 42.951931 6.134303
v 50.350632 42.956612 1.345702
v 49.273506 42.945999 -3.047395
v -64.059601 42.945904 -7.886522
v 34.590107 24.960182 -23.700006
v 78.537773 24.998798 -6.415723
v 34.578991 27.817364 -23.567877
v 34.633945 32.031151 -22.638376
v 78.537331 27.466015 -5.877234
v 34.576023 35.089794 -21.429142
v 41.690868 36.109440 -17.690704
v 45.857040 37.183491 -14.881377
v 78.537537 29.453125 -4.559025
v 78.537369 30.745047 -2.703422
v 52.535851 40.651917 -5.407036
v 53.777138 40.645992 -3.809160
v 62.717495 37.289940 -2.682633
v 78.537247 31.240763 -1.104901
v 78.537277 31.329483 0.411379
v 62.638863 37.633099 0.538941
v 62.722012 37.271534 2.699940
v 78.537338 30.928520 2.281497
v 53.362019 40.753765 4.001151
v 78.537292 29.978825 3.950578
v 50.636894 39.396549 9.636001
v 48.983101 38.867943 11.433658
v 78.537605 28.327709 5.458762
v 40.520336 35.898582 18.345154
v 34.605698 33.807777 21.998310
v 78.537285 26.475853 6.200959
v 34.559395 30.543938 23.069420
v 34.586670 27.004986 23.628963
v 34.590107 24.960167 23.699995
v 78.537247 24.961283 6.374289
v 62.034386 37.553772 2.699675
v 61.951679 37.912663 -0.000004
v 62.034386 37.553772 -2.699678
v -56.641720 41.647480 -11.691300
v -65.404930 41.651539 -5.787015
v 47.016068 41.654118 4.407479
v -56.584816 41.654053 11.442050
v -66.463753 41.654140 2.356664
v -56.202206 35.432255 -21.266796
v -56.616245 36.952484 -20.271618
v -56.175087 38.458530 -18.965801
v -56.040680 39.898735 -17.105864
v 32.921558 41.364941 -13.536003
v 32.686523 41.634850 -11.894702
v 33.534069 40.263706 -16.474524
v 33.790253 39.475780 -17.722010
v 33.996761 38.639305 -18.772751
v 34.405842 36.410927 -20.681347
v 34.230736 37.530205 -19.834812
v -57.781410 41.413963 -13.197206
v -60.993805 40.861374 -14.089675
v -61.837463 40.009392 -15.581062
v -65.033882 39.623779 -14.507674
v -63.752708 38.888535 -16.398941
v -66.756615 38.283199 -15.270716
v -67.364670 36.732971 -16.469240
v -69.591103 37.216770 -14.066418
v -71.315163 35.285599 -13.971628
v -72.972580 35.593502 -11.519405
v -74.761269 33.810390 -10.047392
v -75.257385 35.376469 -7.101631
v -76.085983 35.363007 -4.100495
v -76.460716 35.283691 -1.477450
v -76.285904 35.714073 0.776579
v -74.848145 37.757248 0.163207
v -63.957150 40.695328 -12.924085
v -67.442848 39.223316 -13.304171
v -70.621361 37.399567 -12.654027
v -63.049786 41.379791 -11.039382
v -66.224876 40.476414 -11.708743
v -69.090973 39.154266 -11.712936
v -72.254585 37.074940 -10.813116
v -73.978729 36.154510 -8.995914
v -71.511688 38.307152 -9.967827
v -73.351608 37.702026 -7.625463
v -62.082859 41.596279 -10.167481
v -66.273506 41.117832 -9.325127
v -69.012886 40.121185 -9.426876
v -70.462349 39.389259 -9.224545
v -72.054161 38.973953 -7.322948
v -74.600731 37.079327 -5.618353
v -75.514626 36.716595 -2.463470
v -69.975761 40.373699 -6.842415
v -65.615395 41.464508 -7.918182
v -70.570770 40.522758 -4.293991
v -71.899437 39.708233 -4.793550
v -73.234871 38.891144 -4.001414
v -74.157303 38.223885 -2.911016
v -67.880745 41.303040 -5.587948
v -69.871208 40.999420 -2.257386
v -71.834023 40.077694 -2.190614
v -72.109421 40.005043 0.364744
v -73.411232 39.072395 -0.955440
v -67.840126 41.540867 -1.349750
v -67.453461 41.483490 4.356922
v -69.061951 41.272736 1.616208
v -69.331047 41.049568 3.907231
v -68.072495 41.026718 7.179132
v -69.708763 40.103806 8.433586
v -71.621208 38.502213 9.382937
v -70.368179 38.542194 11.213900
v -70.076920 37.412964 13.292572
v -68.414970 36.598648 15.724610
v -70.050087 35.299854 15.306696
v -67.995689 35.189655 17.129477
v -63.872692 34.413937 19.944347
v -61.286366 34.199726 20.973316
v -59.278915 35.475349 20.866081
v -56.224049 34.601830 21.655703
v -56.288738 36.029961 20.904779
v -56.775433 37.174892 20.096783
v -56.090763 38.464966 18.960457
v -55.793949 39.514149 17.667049
v -56.989372 41.475079 12.963849
v -58.039204 39.090134 18.046452
v -68.314606 39.921276 10.935613
v -66.521057 35.611000 17.897022
v -68.162735 38.759064 13.384844
v -67.215904 37.590324 15.741191
v -66.022919 41.353291 8.260829
v -66.626778 40.782116 10.285763
v -66.412895 39.915833 12.884683
v -65.063553 36.986000 17.699970
v -63.021465 36.144714 19.351305
v -64.801903 39.116634 15.506514
v -63.441463 38.202961 17.388935
v -64.693390 41.648720 6.998886
v -63.265038 41.511246 9.997608
v -63.625286 41.215408 11.399236
v -64.326843 40.725971 12.530742
v -64.162979 40.049713 14.271043
v -61.150368 37.810211 18.693953
v -59.851185 37.154556 19.621582
v -61.079456 39.202641 17.138056
v -60.017132 41.117825 13.669004
v -60.158787 40.005444 16.229746
v -58.704819 40.754303 15.063001
v -59.736576 41.558735 11.765691
v -71.283592 39.706268 6.596988
v -69.889290 40.622238 5.652926
v -72.218475 36.576469 11.564463
v -71.732758 35.243061 13.504296
v -72.752457 38.561924 6.840874
v -70.898468 40.608791 1.778989
v -72.013680 39.799236 3.808683
v -73.618729 37.122463 8.223290
v -73.392166 35.573341 10.858312
v -72.954102 39.047417 4.328835
v -74.346031 37.702801 4.620228
v -73.354050 39.102615 1.407213
v -75.156425 34.409344 8.618990
v -74.985466 36.009480 6.767190
v -75.245552 37.007961 2.751931
v -75.678436 35.578754 5.420140
v -76.451530 35.118664 2.544667
v -56.656178 40.872761 -15.141712
v -69.245064 35.247517 -16.078293
v -60.995480 39.287117 -17.051455
v -58.727688 40.358032 -15.911570
v -64.639885 37.040840 -17.924116
v -66.987732 35.133503 -17.862289
v -62.791275 37.447418 -18.431400
v -59.583569 37.763474 -19.174242
v -58.343578 39.389977 -17.609804
v -63.955723 35.224236 -19.509420
v -61.436230 35.728020 -20.175791
v -59.281597 35.509705 -20.845192
v -67.517296 40.750072 -9.337650
v -61.921410 40.607105 14.278694
v 34.583111 35.206310 21.372114
v 34.417030 36.417587 20.677919
v 33.493858 40.356606 16.317278
v 33.085159 41.167881 14.303974
v 32.757504 41.629025 11.938578
v -55.808022 41.081802 14.603835
v -56.164810 40.290821 16.413731
v 33.214809 40.988186 -14.842345
v 44.912712 41.644508 -5.944551
v 46.060150 40.465828 -10.249366
v 47.675999 38.281597 -12.872305
v 50.008244 38.715034 -11.017382
v 51.093388 39.682671 -8.853606
v 51.565243 40.677128 -6.201155
v 50.724442 41.272591 -4.711674
v 50.541256 41.646221 -1.449450
v 53.474621 41.162991 0.948203
v 52.427448 41.195225 -3.218148
v 53.643356 41.041088 -1.784281
v 53.617397 41.137390 -0.100677
v 50.342064 41.344540 4.653241
v 48.193562 38.167374 12.716161
v 45.116501 36.980225 15.431784
v 52.684883 40.465847 5.792148
v 50.519581 40.840355 6.562531
v 47.874947 41.114017 7.426920
v 47.957775 41.417717 5.979028
v 42.843197 41.488701 8.412131
v 51.882496 39.909744 7.838122
v 48.343975 40.373005 9.226362
v 46.910454 39.775379 11.165083
v 42.007301 37.770329 16.190441
v 33.879791 39.219898 18.090231
v 34.178726 37.841923 19.569849
v 40.691235 41.194572 10.789548
v 51.955868 41.070045 4.417325
v 52.422958 41.286072 2.549562
v 53.703568 40.932568 2.437467
v 50.250587 41.560707 3.229566
v 50.079044 41.656670 1.617417
v 50.186821 41.573620 -3.146960
v 48.966709 40.585453 -8.323997
v 47.829853 41.449013 -5.870477
v 41.437401 37.917652 -16.298588
v 42.491184 39.080219 -14.434279
v 47.923466 39.635921 -10.869776
v 39.878838 40.154163 -13.910485
v 42.093475 40.880779 -11.175675
v 43.529194 41.140541 -9.691527
v 42.598335 41.482288 -8.560390
v 52.156345 40.071930 -7.265630
v 49.034447 41.152000 -6.506178
v 52.187805 41.446362 -1.328525
v 52.346092 41.441826 0.880577
v 51.304607 41.610134 0.412960
v 42.282757 39.036522 14.591029
v 41.975250 40.062859 13.096531
v 41.974781 40.825230 11.392155
v 61.086781 41.660175 2.700000
v 61.709263 41.660175 2.700000
v 61.086781 41.660175 -2.700001
v 61.709263 41.660175 -2.700001
v 34.829247 24.961313 -25.010216
v 79.837234 24.960192 -7.250620
v 34.830845 27.896507 -24.843348
v 34.860909 31.798742 -24.080574
v 79.837578 26.506699 -7.134059
v 79.837601 29.019058 -6.071990
v 45.225529 37.335381 -16.856005
v 40.628807 37.044415 -19.215363
v 79.837479 31.016586 -4.060196
v 51.275200 40.079315 -10.689541
v 63.906792 37.916073 -3.971276
v 60.265656 39.434143 -3.991494
v 60.134319 40.006229 -0.000001
v 60.260628 39.457119 3.978434
v 53.683617 42.033852 4.080325
v 63.913986 37.887634 3.999971
v 79.837486 31.462969 3.285457
v 79.837341 29.975475 5.270889
v 49.828323 39.502159 12.363548
v 79.837280 28.241055 6.482962
v 44.186749 36.955025 17.619469
v 34.846771 33.298405 23.578382
v 34.830929 29.374306 24.652714
v 34.823902 24.965839 25.026463
v 79.837257 24.961914 7.261427
v 79.837311 26.650539 7.072469
v 79.837387 32.224564 0.664734
v 63.778347 38.476341 1.737843
v 63.774143 38.493835 -1.349778
v 79.837296 32.000153 -1.840705
v 79.837234 24.970484 2.579826
v 79.837234 26.644560 2.009971
v 79.837234 27.489426 0.496045
v 79.837234 27.362858 -0.967484
v 79.837234 26.545792 -2.018765
v 79.837234 25.024525 -2.620485
v 34.781258 35.852264 -22.522087
v 34.439068 38.386784 -20.839901
v 34.184444 39.542126 -19.700489
v 33.916386 40.648933 -18.329536
v 33.279194 42.334286 -14.953141
v 32.755363 42.824295 -12.857860
v 32.479866 42.952003 -11.433143
v -55.848003 41.967896 -15.935482
v -55.952126 41.014164 -17.760756
v -56.581947 39.770725 -19.443253
v -55.876167 38.555565 -20.674154
v -56.414112 37.201424 -21.702633
v -56.315933 35.991955 -22.431572
v -59.725105 35.667675 -22.157917
v -64.381187 35.945023 -20.514454
v -67.767693 35.554722 -18.842604
v -68.731506 36.508202 -17.561159
v -71.365547 35.471291 -15.907763
v -72.222740 36.363342 -14.290929
v -73.935905 34.907001 -13.238046
v -75.165863 35.955948 -10.234064
v -76.059364 36.123077 -8.055485
v -75.219856 38.425209 -5.542021
v -74.203033 39.877712 -3.527652
v -73.224541 40.845711 -0.793266
v -71.968163 41.492905 2.318967
v -70.291817 42.217056 2.528006
v -68.163155 42.793182 1.746591
v -67.807144 42.681160 5.098461
v -69.011971 42.280144 6.087347
v -71.617775 41.359425 5.120910
v -71.269440 41.149811 7.036500
v -73.168678 39.796886 7.360391
v -76.719528 35.524094 7.073132
v -75.599899 36.271313 8.940048
v -75.436310 38.861126 -2.302563
v -74.618416 39.794868 0.296705
v -76.482979 37.498672 -3.035400
v -76.876122 36.134083 -5.473553
v -73.467979 40.519882 2.897525
v -77.521553 35.667442 -3.334021
v -76.334076 37.982071 0.155641
v -76.046318 38.222137 2.201988
v -77.276146 36.624882 0.483292
v -75.166367 38.868629 4.062805
v -73.905876 39.762810 5.325605
v -78.021812 35.087860 -1.140981
v -77.807983 35.313507 2.431457
v -77.202019 35.984619 4.284866
v -76.219757 37.000458 5.947196
v -74.754211 38.182125 7.613348
v -71.154648 35.902943 15.845904
v -69.123878 35.029945 18.167044
v -67.009720 35.858284 19.155186
v -64.499474 35.395069 20.753963
v -60.080719 35.328697 22.232628
v -56.173725 36.420715 22.214849
v -55.786797 38.805592 20.458111
v -56.201447 39.944859 19.234247
v -56.647182 40.694519 18.236376
v -56.417404 41.386734 17.106651
v -56.176983 42.439854 14.576330
v -57.460976 42.712517 13.361376
v -60.862671 42.587975 12.906543
v -60.030781 41.939690 15.284448
v -62.957283 41.203354 15.659683
v -64.540756 39.887005 16.936949
v -67.410332 39.301369 15.784820
v -69.322235 37.943790 15.792088
v -72.119812 36.929192 13.864640
v -61.349464 42.896313 10.713135
v -63.018879 42.252716 13.050173
v -65.263618 41.723930 13.008978
v -66.220970 41.026581 13.937357
v -67.405807 40.321720 14.269994
v -69.934509 39.648506 12.911186
v -72.255074 38.362881 11.966386
v -74.031670 37.031693 11.015994
v -69.434547 40.908337 10.947521
v -73.214638 38.823135 9.607781
v -64.307198 42.641331 10.403830
v -66.912292 42.027706 10.622293
v -71.279961 40.278736 9.813931
v -66.082886 42.723980 7.955387
v -69.221619 41.868839 7.984889
v -66.896271 42.949486 -0.101093
v -69.663254 42.471199 -0.663922
v -71.618431 41.714779 -1.699118
v -72.576515 40.795952 -5.030240
v -73.395966 39.760540 -6.893789
v -73.103165 39.301041 -8.853704
v -73.378769 38.116276 -10.631406
v -73.470100 36.932144 -12.039113
v -68.119049 42.753296 -3.028716
v -69.710915 42.281025 -4.201865
v -70.615280 41.715721 -5.910305
v -71.262085 40.846127 -8.185049
v -70.163017 40.594547 -10.688434
v -70.979904 39.389145 -12.071410
v -71.198433 38.157551 -13.595085
v -70.087677 37.447750 -15.575755
v -66.220161 42.864288 -6.143433
v -67.362679 42.573109 -7.109136
v -68.114845 42.144764 -8.521244
v -68.845604 41.584305 -9.688373
v -67.853088 41.188675 -12.061828
v -68.518044 40.154652 -13.535029
v -68.812012 38.853168 -15.196628
v -66.460876 37.387383 -18.425648
v -65.320007 42.506077 -10.176455
v -66.291382 41.640610 -12.455433
v -65.292229 40.680508 -15.246820
v -66.481239 39.895805 -15.666274
v -66.247719 38.871292 -17.145290
v -62.843681 38.899666 -18.901434
v -63.672386 37.274082 -19.945646
v -61.403564 36.348442 -21.376293
v -63.458141 40.107342 -17.167473
v -63.231438 42.769802 -10.535434
v -63.847572 42.231274 -12.577992
v -63.224277 41.402512 -15.099931
v -61.366112 40.705612 -17.199627
v -59.040817 39.962151 -18.855907
v -61.085888 38.549957 -19.856506
v -58.926289 37.956085 -20.856903
v -60.419094 42.868763 -11.407849
v -60.928505 42.499386 -13.194321
v -61.010624 41.891396 -15.019991
v -58.165112 41.844723 -15.941019
v -58.731377 41.025505 -17.416620
v -57.526218 42.784851 -12.954720
v -57.346565 42.493923 -14.314155
v -56.682751 42.948914 -11.583967
v -75.096626 37.681530 -7.790290
v -74.318573 35.846561 11.838380
v -70.502808 38.515602 13.946236
v -56.395096 42.942806 11.837878
v -66.446861 38.405273 17.487902
v -59.259621 41.193604 17.009975
v -68.171555 36.985947 17.588268
v -61.328266 39.863846 18.385269
v -56.295101 41.936859 15.965840
v -65.678528 36.961536 19.206760
v -63.528206 38.638157 18.849850
v -59.363255 40.132271 18.592813
v -63.619633 37.502605 19.792356
v -60.847588 37.663395 20.661476
v -62.308392 36.339367 21.098715
v -58.647469 38.572964 20.388725
v -57.739910 37.691601 21.228979
v -58.085033 36.160831 22.182878
v 33.983234 40.444633 18.612379
v 34.190956 39.627552 19.606468
v 34.585087 37.368038 21.596584
v 34.779499 35.774643 22.556454
v 34.369564 38.513287 20.713978
v 40.245316 38.915001 17.751501
v 46.893246 40.748840 12.176720
v 43.496696 41.338093 12.794035
v 45.356541 42.270447 9.513934
v 46.169796 42.585018 7.878484
v 52.050934 42.545815 3.659051
v 39.518433 36.345184 20.161633
v 40.531193 37.853298 18.616171
v 47.193890 38.835197 14.554130
v 46.897831 39.817558 13.548568
v 48.583599 41.389854 10.047297
v 46.650383 41.911732 9.896603
v 48.844124 42.379200 7.132415
v 50.078217 42.652676 5.018614
v 50.643528 42.838421 3.126490
v 46.240234 37.908070 15.897976
v 50.498512 41.900906 7.594412
v 51.506432 40.286034 10.219826
v 52.015671 40.968445 8.680248
v 52.569435 42.228668 4.673942
v 53.168121 41.176456 7.264729
v 53.551525 41.625484 5.712331
v 54.308586 42.101234 2.501891
v 54.269245 42.289173 0.402938
v 45.967587 42.837128 -6.559464
v 49.043232 42.303661 -7.305765
v 50.097939 40.845959 -10.203431
v 49.318665 39.631207 -12.491524
v 53.698914 42.425594 -1.444052
v 52.032547 42.627514 -3.186698
v 53.504906 42.112659 -4.005361
v 51.435337 42.310276 -5.473144
v 49.725502 42.683418 -5.155167
v 54.397408 42.059345 -2.555545
v 53.184563 41.833542 -5.483839
v 52.768002 41.443901 -7.010032
v 50.651707 41.705730 -8.032001
v 44.783485 39.206993 -15.350912
v 41.460205 39.752235 -16.253422
v 38.805641 40.828495 -15.900280
v 33.573963 41.678787 -16.547466
v 49.200264 38.714836 -13.595358
v 45.899887 38.159706 -15.857497
v 39.803432 42.422356 -11.683648
v 45.593174 42.511566 -8.500355
v 43.615814 42.950417 -6.426658
v 51.525406 42.783932 -2.588607
v 52.662121 42.580353 2.495062
v 51.487167 42.894707 -0.761731
v 51.626759 42.849983 1.347819
v 48.014896 42.829144 5.304490
v 42.422096 39.984943 15.501399
v 46.564575 42.945698 4.977395
v 40.262302 40.834072 15.226878
v 42.770824 42.798954 8.485967
v 39.241135 41.988789 13.314329
v 33.224224 42.474792 14.463210
v 33.568066 41.699814 16.535816
v 32.843384 42.773987 13.126619
v 51.115967 42.217350 6.102311
v 50.052498 40.540836 10.758705
v 52.386726 41.720913 6.598406
v 53.439953 42.500027 1.269794
v 52.650402 42.722160 -0.035427
v 52.340218 40.808407 -8.737056
v 47.716541 40.761093 -11.717336
v 45.015083 40.512100 -13.510398
v 48.063465 41.821171 -9.377520
v 43.125641 41.537563 -12.580461
v 44.226448 42.011002 -10.875227
v 42.107372 42.715168 -9.302017
v 59.452625 42.960175 4.000000
v 62.743427 42.960175 4.000000
v -73.954376 28.868322 16.045353
v -74.512497 30.665190 14.807155
v -76.330536 30.490906 12.160741
v -77.605820 30.523762 9.557538
v -78.438354 30.870979 7.067944
v -79.183655 28.961514 5.774047
v -79.629128 28.961056 3.326937
v -79.227875 30.401846 4.122953
v -74.381645 32.369328 14.207017
v -73.428352 35.079868 13.793262
v -70.848900 31.978203 18.209213
v -68.296883 30.057297 20.687153
v -64.414230 27.695658 23.105579
v -62.727699 26.826389 23.778418
v -62.570267 24.960257 23.898911
v -72.974319 30.302191 16.744057
v -72.488823 27.776108 17.812689
v -72.059273 33.271465 16.486715
v -71.396935 28.403580 18.722460
v -71.649849 26.229111 18.762560
v -71.513893 24.960196 18.938509
v -68.686264 24.960249 21.050547
v -65.724754 24.960253 22.681820
v -59.124153 24.960268 24.696192
v -56.272644 24.961004 24.995928
v -56.303276 27.685513 24.858398
v -56.289989 30.862854 24.298840
v -56.351288 33.522446 23.493299
v -75.823105 34.784794 10.148536
v -79.184853 31.386627 2.789011
v -78.426804 33.184780 4.210214
v -78.638046 33.541809 1.263218
v -79.491135 30.773930 0.367079
v -79.851578 28.963512 0.669194
v -78.889977 32.716515 -1.685238
v -78.190659 33.954021 -3.832754
v -78.881592 31.687832 -4.221590
v -79.383873 30.952187 -1.864300
v -77.992371 33.629234 -5.449645
v -76.901474 33.948486 -8.551865
v -78.164902 32.137001 -6.728242
v -79.058327 30.230925 -5.231349
v -75.688354 33.750763 -11.276087
v -71.673378 33.443005 -16.802500
v -72.767830 30.366350 -16.946346
v -72.612541 27.921432 -17.687857
v -68.756119 26.924500 -20.925846
v -65.802826 27.076509 -22.559742
v -63.538326 29.824760 -23.073862
v -62.654976 27.190077 -23.782518
v -59.370090 27.263033 -24.571615
v -56.660488 29.152006 -24.635767
v -70.598770 30.659130 -18.858622
v -69.575577 33.702610 -18.488127
v -67.890984 32.238132 -20.286854
v -68.415985 29.539700 -20.741354
v -66.139862 33.407055 -20.849756
v -61.865704 33.547134 -22.523979
v -63.860325 32.969772 -22.066772
v -58.968586 33.295296 -23.300255
v -56.407017 33.471210 -23.514395
v -56.267822 30.968538 -24.262161
v -56.184322 26.621609 -24.943806
v -57.158665 24.960316 -24.949829
v -60.856396 24.960272 -24.363714
v -64.089798 24.960270 -23.373268
v -67.160049 24.960266 -21.955826
v -70.007332 24.960188 -20.140335
v -71.488708 24.960653 -18.933752
v -71.651039 26.235027 -18.760202
v -70.788773 27.116093 -19.422405
v -73.865662 28.792103 -16.149689
v -74.686852 28.962074 -15.147309
v -76.680000 30.591721 -11.499410
v -76.622406 32.050617 -10.737920
v -77.402596 28.960297 -10.726033
v -77.997505 30.723679 -8.461677
v -78.473869 28.960484 -8.150555
v -79.784401 28.961964 -1.913421
v -79.388214 28.960615 -4.844996
v -75.837463 28.960119 13.505148
v -77.880608 28.960133 9.750346
v -59.479507 30.695465 23.981096
v -59.370277 28.513271 24.411356
v -59.700489 26.642931 24.565239
v -59.360886 33.368591 23.192114
v -62.805008 31.318546 22.972795
v -61.845753 29.637339 23.653265
v -62.229630 33.920029 22.264669
v -65.859772 30.249229 22.015867
v -65.406441 32.349831 21.622835
v -67.961754 33.062325 19.917110
v -69.805229 30.580078 19.500168
v -69.384239 27.204933 20.484972
v -66.836121 26.876986 22.047688
v -76.846603 32.375401 10.026228
v -75.476212 33.245773 12.037837
v -77.675491 33.198742 7.212625
v -73.608833 32.281548 -15.235664
v -74.950035 32.596519 -13.289020
v -75.667328 28.962112 -13.778204
v -59.548641 30.651966 -23.972324
v -61.438519 30.460518 -23.591587
v -65.803192 30.108223 -22.049845
v 62.743427 42.960175 -4.000000
v -13.173003 24.961355 -23.702438
v -12.932682 24.960180 -22.730246
v -9.165802 24.960928 -23.705656
v -9.247237 24.960178 -23.033079
v -9.162766 24.960182 -25.000004
v -10.162445 24.960186 -21.917898
v -12.160031 24.960186 -21.933384
v -11.234526 24.960186 -21.689030
v -27.162764 24.960182 -25.000004
v -27.165800 24.960928 -23.705656
v -30.833679 24.960180 -22.540768
v -27.247238 24.960178 -23.033083
v -28.162449 24.960186 -21.917898
v -29.596735 24.960180 -21.704004
v -31.173000 24.961355 -23.702440
v -13.193051 24.961979 23.688665
v -13.158680 24.960276 25.001150
v -12.776302 24.960167 22.489626
v -9.152535 24.961004 23.702435
v -9.162766 24.960167 24.999992
v -9.392852 24.960163 22.730232
v -10.209045 24.960171 21.915922
v -11.940935 24.960169 21.835512
v -11.090993 24.960171 21.689018
v -27.162764 24.960167 24.999992
v -31.158680 24.960276 25.001150
v -27.152534 24.961004 23.702435
v -30.601944 24.960169 22.268538
v -27.392853 24.960163 22.730230
v -28.378521 24.960169 21.820625
v -29.597651 24.960169 21.735867
v -31.193052 24.961979 23.688669
v 4.826998 24.961355 -23.702438
v 4.841321 24.960291 -25.001162
v 5.067319 24.960180 -22.730246
v 8.867516 24.961592 -23.688686
v 8.837234 24.960182 -25.000004
v 8.276401 24.960184 -22.268539
v 5.991263 24.960182 -21.837748
v 7.272125 24.960184 -21.735880
v 4.806949 24.961979 23.688665
v 4.841321 24.960276 25.001150
v 5.223699 24.960167 22.489624
v 8.847466 24.961004 23.702435
v 8.837234 24.960167 24.999992
v 8.508146 24.960165 22.540756
v 6.059063 24.960169 21.835514
v 7.271209 24.960165 21.703995
v -70.162636 24.960251 18.359152
v -70.162781 24.963556 18.956165
v -67.828056 24.960169 20.052731
v -64.638329 24.960802 21.754448
v -61.535091 24.960798 22.856863
v -57.599464 24.960127 23.626894
v -45.215237 25.009256 23.714104
v 9.105167 27.075077 23.620090
v 8.836125 27.290485 23.597080
v 10.517714 29.568655 23.255720
v 8.754689 30.391644 23.085238
v 12.920960 31.401020 22.812077
v 8.291364 33.054878 22.289549
v 15.505761 31.970463 22.639540
v 17.608698 31.765995 22.703056
v 19.453024 30.969082 22.926775
v 21.125761 29.609449 23.247667
v 22.569231 27.075380 23.619722
v 22.843744 24.961184 23.701969
v 7.281775 34.449677 21.721188
v -11.320128 34.539711 21.678118
v -29.156305 34.521271 21.685843
v 6.427252 34.424587 21.728720
v -10.217402 33.972427 21.921511
v 5.404311 33.139359 22.257481
v -9.547964 32.474838 22.488348
v -3.005406 31.934877 22.650938
v -1.096534 31.893347 22.663736
v 0.999365 31.250948 22.852844
v 4.918807 30.330956 23.099932
v 3.124986 29.610350 23.247549
v 4.838342 27.290497 23.597078
v 4.569294 27.075096 23.620089
v -5.374694 31.229633 22.858627
v -9.149556 28.774693 23.439915
v -7.482279 29.568668 23.255716
v -8.894825 27.075094 23.620089
v -12.595696 33.139351 22.257488
v -28.217411 33.972439 21.921507
v -19.096535 31.893347 22.663736
v -17.000631 31.250946 22.852846
v -13.081193 30.330957 23.099930
v -14.875014 29.610350 23.247549
v -13.161658 27.290497 23.597078
v -13.430704 27.075092 23.620089
v -21.005405 31.934877 22.650938
v -27.547966 32.474846 22.488344
v -23.374689 31.229635 22.858627
v -27.149553 28.774702 23.439913
v -25.482286 29.568659 23.255718
v -26.894825 27.075100 23.620089
v -55.907616 31.535254 22.776701
v -30.814959 32.216183 22.563694
v -39.005405 31.934877 22.650957
v -30.205425 33.869785 21.968941
v -37.096542 31.893349 22.663736
v -35.000641 31.250950 22.852844
v -31.081196 30.330961 23.099930
v -32.875015 29.610346 23.247551
v -31.161657 27.290501 23.597078
v -31.430704 27.075089 23.620089
v -40.739399 31.480282 22.785883
v -42.510109 30.494991 23.049576
v -56.011700 28.528715 23.437933
v -44.458839 28.175951 23.497707
v -56.530994 26.177267 23.650133
v 8.907885 26.099396 -24.980520
v 9.105167 27.075092 -23.620102
v 9.679446 28.380039 -24.774433
v 10.549485 29.610363 -23.247557
v 11.357610 30.384041 -24.408009
v 12.221377 30.969055 -22.926758
v 13.663679 31.660969 -24.087313
v 14.065709 31.765993 -22.703114
v 16.170111 31.981441 -23.994087
v 16.509897 31.963055 -22.642437
v 18.960573 31.302811 -24.187496
v 19.049173 31.229641 -22.858711
v 21.157719 29.567535 -23.255804
v 21.262621 29.437962 -24.601309
v 22.569231 27.075394 -23.619734
v 22.600096 26.973740 -24.932213
v 22.843744 24.961199 -23.701981
v 22.841312 24.960508 -25.001942
v 22.907957 25.003061 25.019829
v 22.090530 28.229321 24.798676
v 20.316652 30.384197 24.408100
v 18.010622 31.661018 24.087587
v 15.333986 31.980936 23.994440
v 13.193005 31.460255 24.140942
v 11.357910 30.384283 24.408190
v 9.679447 28.380026 24.774426
v 8.908422 26.102690 24.979715
v -45.228359 25.042175 -25.018375
v -45.169296 24.960690 -23.701971
v -44.894787 27.075315 -23.619741
v -44.416096 28.229267 -24.798676
v -43.451477 29.609253 -23.247797
v -42.642178 30.384220 -24.408108
v -41.324959 31.250929 -22.852966
v -40.807087 31.460236 -24.141270
v -39.228985 31.893364 -22.663816
v -38.666000 31.980955 -23.994328
v -37.320126 31.934891 -22.650883
v -35.989395 31.661037 -24.087143
v -34.950851 31.229654 -22.858633
v -33.682693 30.383665 -24.408855
v -32.843243 29.568668 -23.255726
v -31.909182 28.228771 -24.797012
v -31.430706 27.075104 -23.620100
v -31.088409 24.975357 -25.023046
v -31.299486 26.447626 24.962135
v -32.183662 28.681532 24.729446
v -33.821606 30.483377 24.384935
v -35.361580 31.386997 24.160446
v -36.682522 31.810503 24.043900
v -38.666008 31.980938 23.994347
v -40.807087 31.460220 24.141262
v -42.642170 30.384216 24.408098
v -44.416096 28.229254 24.798664
v -45.233486 25.003054 25.019812
v -9.092118 26.099380 -24.980522
v -8.894825 27.075111 -23.620100
v -8.320542 28.380058 -24.774431
v -7.450515 29.610367 -23.247557
v -6.642390 30.384039 -24.408009
v -5.778615 30.969061 -22.926756
v -4.336329 31.660969 -24.087313
v -3.934290 31.765995 -22.703114
v -1.829890 31.981441 -23.994061
v -1.490103 31.963055 -22.642366
v 0.960529 31.302834 -24.186596
v 1.049153 31.229652 -22.858633
v 3.156755 29.568672 -23.255726
v 3.261800 29.438974 -24.600950
v 4.569294 27.075111 -23.620100
v 4.600118 26.973667 -24.934063
v 4.700513 26.447620 24.962135
v 3.816343 28.681520 24.729448
v 2.178387 30.483383 24.384933
v 0.010685 31.660992 24.087482
v -2.665483 31.981087 23.995522
v -4.807021 31.460247 24.140944
v -6.642090 30.384281 24.408192
v -8.320542 28.380043 24.774424
v -9.091580 26.102671 24.979715
v -27.092123 26.099361 -24.980522
v -26.894825 27.075115 -23.620100
v -26.320553 28.380039 -24.774433
v -25.450516 29.610367 -23.247557
v -24.642382 30.384048 -24.408007
v -23.778610 30.969063 -22.926756
v -22.807190 31.460190 -24.141174
v -21.934290 31.765995 -22.703114
v -20.666006 31.980955 -23.994265
v -19.490105 31.963055 -22.642366
v -17.989395 31.661037 -24.087143
v -16.950846 31.229652 -22.858633
v -15.682686 30.383659 -24.408855
v -14.843245 29.568672 -23.255726
v -13.909178 28.228764 -24.797014
v -13.430704 27.075108 -23.620100
v -13.088410 24.975357 -25.023046
v -13.299488 26.447622 24.962135
v -14.183661 28.681526 24.729446
v -15.821613 30.483383 24.384933
v -17.989319 31.660994 24.087482
v -20.666014 31.980936 23.994440
v -22.807018 31.460247 24.140944
v -24.642082 30.384289 24.408190
v -26.320551 28.380028 24.774426
v -27.091587 26.102646 24.979717
v -70.160645 24.960934 -18.390724
v -70.162781 24.963562 -18.956121
v -67.328880 24.964520 -20.393814
v -64.017654 24.960487 -22.005306
v -61.036289 24.963190 -23.003502
v -56.757648 24.962183 -23.696215
v -70.155655 27.182289 18.282841
v -70.268364 29.215281 17.798544
v -69.647102 31.164547 17.730888
v -71.446556 31.475565 15.971456
v -71.974991 33.362480 14.465407
v -73.936485 33.510811 11.725914
v -77.168060 33.566151 -2.048572
v -77.988335 31.011591 -2.293330
v -77.605576 31.315235 -4.357194
v -77.244286 30.395781 -6.748322
v -77.952126 28.960217 -5.215331
v -76.943123 28.960918 -8.507562
v -71.161484 28.307068 17.171618
v -72.611282 28.936298 15.569156
v -73.471771 31.101364 13.798941
v -75.124870 31.198864 11.216141
v -74.794273 28.960209 12.694937
v -76.239342 31.031544 9.050075
v -76.369400 28.960209 9.840503
v -76.579681 32.669575 6.680045
v -76.898338 33.463982 4.225729
v -77.552620 28.961948 6.813834
v -77.662926 30.788612 4.816701
v -77.920807 31.068291 2.822773
v -77.608383 32.625778 0.790175
v -78.372185 28.960209 2.806546
v -78.213768 30.539726 -0.088909
v -78.531372 28.960182 -1.223185
v -75.281815 28.960735 -11.957322
v -72.904945 28.961491 -15.211224
v -71.716263 28.636711 -16.570213
v -71.732964 30.382393 -16.091764
v -70.207039 31.032856 -17.305882
v -68.112625 32.834450 -18.260983
v -56.809193 30.882488 -22.923454
v -56.786057 28.425957 -23.430532
v -70.651588 27.840946 -17.729246
v -68.211845 30.120857 -19.141708
v -70.158478 27.178024 -18.282314
v -66.990829 28.171049 -20.305288
v -65.299057 30.296535 -20.778795
v -61.871876 30.957842 -21.971222
v -62.550407 32.990261 -21.060713
v -60.023544 33.577900 -21.554651
v -65.129646 27.035187 -21.425755
v -63.289627 28.173054 -22.069803
v -59.130581 31.091702 -22.572807
v -56.739887 32.783436 -22.356237
v -61.242451 28.262003 -22.686369
v -59.184521 27.460621 -23.259777
v -70.897141 33.313156 -15.691957
v -73.423286 30.976143 -13.914192
v -70.077469 33.072025 16.558256
v -58.938263 27.471468 23.297731
v -60.885895 30.011410 22.467308
v -60.263451 31.898689 22.101660
v -63.613106 31.830420 21.093088
v -65.650475 32.720726 19.816555
v -62.624222 27.236031 22.427622
v -63.117870 29.490301 21.887653
v -65.261574 28.245996 21.227856
v -67.369774 30.005661 19.719591
v -67.907059 32.778248 18.429325
v -67.449440 26.820305 20.214523
v -76.815742 33.458527 -4.602760
v -76.482071 32.736652 -6.925717
v -75.759354 32.121124 -9.386269
v -74.289268 31.504467 -12.415245
v -73.302193 33.463909 -12.698612
v -65.831726 32.790272 -19.706783
v -57.682003 30.680744 22.896275
v -58.624428 33.463966 21.870275
v -70.162766 26.188129 18.745026
v -70.162766 26.185389 -18.745781
v 78.537231 24.980261 -2.578431
v 78.537231 25.076534 2.608556
v 78.537231 26.644560 -2.009981
v 78.537231 27.489426 -0.496054
v 78.537231 27.362858 0.967474
v 78.537231 26.545792 2.018754
v -27.155024 28.540796 -23.470911
v -27.448177 31.957481 -22.650528
v -29.607353 34.449883 -21.721207
v -30.616659 33.052277 -22.289309
v -31.080221 30.391657 -23.085247
v -28.364971 34.257519 -21.806417
v -31.161657 27.290512 -23.597090
v -9.155025 28.540791 -23.470911
v -9.448176 31.957468 -22.650532
v -11.606199 34.442741 -21.720814
v -12.696326 32.851334 -22.362785
v -13.175979 28.774708 -23.439922
v -10.364971 34.257523 -21.806417
v 4.824021 28.774710 -23.439920
v 5.157030 32.122482 -22.596790
v 5.782425 33.846962 -21.977552
v 6.830774 34.521042 -21.685844
v 8.110383 33.568233 -22.093325
v 8.616956 31.511250 -22.780300
v 8.844976 28.540792 -23.470911
v 59.452625 42.960175 -4.000000
vn -0.0080 0.9970 0.0772
vn 0.0142 0.9978 0.0642
vn 0.0309 0.9982 0.0522
vn -0.0648 0.9972 0.0380
vn 0.0450 0.9987 0.0219
vn 0.0481 0.9975 -0.0524
vn -0.0598 0.9968 -0.0529
vn 0.0222 0.9987 -0.0450
vn -0.0062 0.9982 -0.0603
vn 0.0107 0.9988 -0.0484
vn -0.0687 0.9976 -0.0031
vn -0.1193 -0.7666 0.6310
vn -0.3795 -0.8756 0.2990
vn -0.1855 -0.1276 0.9743
vn -0.3490 -0.6127 0.7090
vn -0.3497 -0.5277 0.7741
vn -0.7982 -0.4213 0.4305
vn -0.7986 -0.2343 0.5544
vn -0.1888 -0.2879 0.9389
vn -0.1871 -0.4321 0.8822
vn -0.3296 -0.7104 0.6218
vn -0.3436 -0.7482 0.5676
vn -0.3201 -0.8283 0.4598
vn -0.3168 -0.8640 0.3913
vn -0.8029 -0.5356 0.2616
vn -0.3034 -0.9098 0.2833
vn -0.3401 -0.9152 0.2163
vn -0.8076 -0.5803 0.1053
vn -0.5375 -0.7824 0.3147
vn -0.8060 -0.5903 -0.0447
vn -0.7818 -0.6234 -0.0133
vn -0.5261 -0.7862 -0.3241
vn -0.3222 -0.9202 -0.2223
vn -0.8034 -0.5563 -0.2124
vn -0.3186 -0.8936 -0.3161
vn -0.3243 -0.8496 -0.4159
vn -0.8026 -0.4661 -0.3724
vn -0.3272 -0.8028 -0.4985
vn -0.3249 -0.7605 -0.5622
vn -0.3388 -0.6898 -0.6399
vn -0.7994 -0.3196 -0.5088
vn -0.1877 -0.3547 -0.9159
vn -0.8059 -0.1449 -0.5740
vn -0.1847 -0.2303 -0.9554
vn -0.1212 -0.7645 -0.6331
vn -0.1863 -0.0944 -0.9780
vn -0.3952 -0.8714 -0.2907
vn -0.3514 -0.5144 -0.7822
vn -0.1870 -0.4537 -0.8713
vn -0.3509 -0.5970 -0.7214
vn -0.0618 -0.7769 -0.6266
vn -0.3257 -0.9356 -0.1362
vn 0.6798 -0.7334 -0.0002
vn -0.2988 -0.9527 -0.0548
vn -0.3012 -0.9535 0.0139
vn -0.3123 -0.9448 0.0989
vn -0.0726 -0.8302 0.5527
vn 0.0091 -0.9969 0.0787
vn -0.0196 -0.9957 0.0901
vn 0.0731 -0.9966 0.0376
vn -0.0352 -0.9975 0.0617
vn -0.0662 -0.9973 0.0316
vn -0.0353 -0.9978 -0.0564
vn -0.0406 -0.9989 -0.0246
vn 0.0686 -0.9964 -0.0495
vn 0.0062 -0.9982 -0.0595
vn -0.0230 -0.9940 -0.1069
vn 0.0651 -0.9978 -0.0114
vn 0.0316 -0.9305 0.3648
vn -0.0963 -0.8823 0.4608
vn -0.0718 -0.9390 0.3362
vn -0.1708 -0.5548 0.8143
vn -0.1570 -0.6521 0.7417
vn 0.0617 -0.5993 0.7981
vn 0.0379 -0.7249 0.6878
vn 0.0481 -0.4639 0.8846
vn 0.0245 -0.8468 0.5314
vn -0.1248 -0.8153 0.5655
vn -0.1385 -0.7434 0.6543
vn 0.0468 -0.9748 0.2182
vn -0.0452 -0.9747 0.2189
vn 0.2067 -0.8580 0.4703
vn 0.3167 -0.8255 0.4671
vn 0.3049 -0.7562 0.5790
vn 0.4849 -0.5763 0.6578
vn 0.4243 -0.7086 0.5637
vn 0.5593 -0.6194 0.5510
vn 0.7505 -0.6608 -0.0095
vn 0.6280 -0.7773 0.0372
vn 0.6329 -0.7721 -0.0583
vn 0.2589 -0.9656 -0.0253
vn 0.3358 -0.9408 0.0467
vn 0.1586 -0.9872 0.0185
vn 0.1383 -0.9325 0.3335
vn 0.2259 -0.9149 0.3346
vn 0.4210 -0.7876 0.4500
vn 0.6023 -0.6343 0.4847
vn 0.6731 -0.4616 0.5778
vn 0.7347 -0.4807 0.4787
vn 0.6002 -0.7106 0.3671
vn 0.6733 -0.6058 0.4240
vn 0.7675 -0.5266 0.3656
vn 0.8238 -0.3801 0.4205
vn 0.8360 -0.4627 0.2950
vn 0.3083 -0.8939 0.3255
vn 0.4751 -0.7819 0.4038
vn 0.6968 -0.6568 0.2882
vn 0.1398 -0.9703 0.1976
vn 0.2287 -0.9531 0.1983
vn 0.4112 -0.8657 0.2855
vn 0.5099 -0.8049 0.3035
vn 0.1490 -0.9823 0.1136
vn 0.8680 -0.4638 0.1775
vn 0.7615 -0.6102 0.2188
vn 0.8088 -0.5800 0.0972
vn 0.4163 -0.8886 0.1926
vn 0.5850 -0.7721 0.2481
vn 0.4111 -0.9039 0.1182
vn 0.5350 -0.8301 0.1570
vn 0.7083 -0.6977 0.1076
vn 0.8709 -0.4909 -0.0253
vn 0.2402 -0.9651 0.1046
vn 0.5013 -0.8631 0.0614
vn 0.5098 -0.8603 -0.0056
vn 0.4188 -0.9069 -0.0457
vn 0.3139 -0.9453 -0.0883
vn 0.2890 -0.9433 -0.1633
vn 0.3953 -0.9065 -0.1482
vn 0.5941 -0.7281 -0.3418
vn 0.4384 -0.8603 -0.2603
vn 0.5485 -0.7344 -0.3997
vn 0.5794 -0.6285 -0.5189
vn 0.5363 -0.5637 -0.6282
vn 0.6199 -0.4634 -0.6333
vn 0.1045 -0.7737 -0.6249
vn 0.0394 -0.7210 -0.6918
vn 0.0717 -0.6201 -0.7813
vn 0.1718 -0.4772 -0.8618
vn 0.0471 -0.5160 -0.8553
vn 0.0477 -0.4053 -0.9129
vn 0.4130 -0.8455 -0.3384
vn 0.5418 -0.4470 -0.7118
vn 0.4624 -0.4829 -0.7436
vn 0.4592 -0.7494 -0.4770
vn 0.4545 -0.6556 -0.6030
vn 0.1746 -0.9825 -0.0647
vn 0.3908 -0.6022 -0.6962
vn 0.3178 -0.5292 -0.7867
vn 0.1886 -0.9714 -0.1445
vn 0.3484 -0.8480 -0.3994
vn 0.3326 -0.7750 -0.5374
vn 0.2852 -0.9236 -0.2561
vn 0.3087 -0.6994 -0.6447
vn 0.3690 -0.4071 -0.8355
vn 0.2613 -0.3953 -0.8806
vn 0.2363 -0.9169 -0.3216
vn 0.2638 -0.8611 -0.4347
vn 0.0999 -0.9872 -0.1246
vn 0.1658 -0.9591 -0.2295
vn 0.2086 -0.7857 -0.5823
vn 0.0582 -0.9891 -0.1354
vn 0.1526 -0.8577 -0.4910
vn 0.1830 -0.9067 -0.3801
vn 0.1051 -0.9527 -0.2851
vn 0.0844 -0.9197 -0.3834
vn 0.0369 -0.8816 -0.4706
vn 0.0269 -0.9813 -0.1908
vn 0.0180 -0.9472 -0.3202
vn 0.6755 -0.5760 -0.4602
vn 0.5170 -0.8292 -0.2122
vn 0.6888 -0.4595 -0.5608
vn 0.6348 -0.7320 -0.2475
vn 0.5198 -0.8462 -0.1173
vn 0.7278 -0.6025 -0.3275
vn 0.7603 -0.4772 -0.4407
vn 0.6216 -0.7692 -0.1478
vn 0.7331 -0.6575 -0.1741
vn 0.8376 -0.4068 -0.3645
vn 0.8033 -0.5223 -0.2862
vn 0.8489 -0.4802 -0.2209
vn 0.7893 -0.6046 -0.1075
vn 0.8889 -0.4446 -0.1101
vn 0.5853 -0.4562 0.6703
vn 0.1966 -0.7872 0.5845
vn 0.1050 -0.8869 0.4498
vn 0.3812 -0.6010 0.7025
vn 0.4882 -0.4492 0.7482
vn 0.2851 -0.6406 0.7130
vn 0.1087 -0.7991 0.5913
vn 0.1693 -0.6615 0.7306
vn 0.3685 -0.4548 0.8108
vn 0.2591 -0.4961 0.8287
vn 0.1631 -0.4806 0.8616
vn 0.0582 -0.9940 0.0924
vn 0.3178 -0.9195 0.2313
vn 0.6349 -0.7586 0.1464
vn 0.8902 -0.4525 0.0531
vn 0.2260 -0.6705 -0.7066
vn 0.1767 -0.6140 -0.7693
vn 0.0246 -0.8159 -0.5776
vn -0.0586 -0.9568 -0.2850
vn -0.0941 -0.8875 -0.4511
vn -0.1271 -0.7904 -0.5992
vn -0.1512 -0.6777 -0.7196
vn -0.1686 -0.5625 -0.8094
vn -0.1065 -0.9942 -0.0136
vn -0.1899 -0.9810 -0.0394
vn -0.1686 -0.9532 0.2509
vn -0.2503 -0.9172 0.3099
vn -0.1790 -0.9643 0.1950
vn -0.2732 -0.8247 0.4953
vn -0.2250 -0.9053 0.3602
vn -0.2351 -0.9592 0.1572
vn -0.1079 -0.9895 -0.0966
vn -0.0801 -0.9844 -0.1568
vn -0.1584 -0.9703 -0.1828
vn -0.1594 -0.9496 -0.2699
vn -0.1032 -0.9815 -0.1613
vn -0.2280 -0.9262 -0.3004
vn -0.2336 -0.8881 -0.3959
vn -0.1671 -0.9242 -0.3434
vn -0.2543 -0.8355 -0.4872
vn -0.2690 -0.7747 -0.5722
vn -0.3095 -0.6645 -0.6802
vn -0.1147 -0.9618 -0.2485
vn -0.2180 -0.9680 -0.1241
vn -0.2348 -0.9486 -0.2123
vn -0.1009 -0.9818 0.1606
vn -0.2066 -0.8962 0.3926
vn -0.1019 -0.9902 0.0951
vn -0.1390 -0.9533 0.2681
vn -0.1604 -0.9258 0.3422
vn -0.0789 -0.9839 0.1601
vn -0.3064 -0.6732 0.6730
vn -0.2674 -0.7815 0.5636
vn -0.2040 -0.8667 0.4553
vn -0.1871 -0.9806 0.0586
vn -0.2163 -0.8616 -0.4592
vn 0.6450 -0.5131 -0.5664
vn -0.5025 -0.6317 -0.5903
vn 0.6450 -0.5131 0.5664
vn -0.5026 -0.6316 0.5903
vn 0.1427 -0.6466 -0.7494
vn 0.1864 0.1211 -0.9750
vn 0.8015 0.1403 -0.5813
vn 0.1875 0.2732 -0.9435
vn 0.1815 0.4550 -0.8718
vn 0.7975 0.3376 -0.5001
vn 0.3447 0.5428 -0.7659
vn 0.3536 0.5612 -0.7484
vn 0.3439 0.6306 -0.6958
vn 0.3541 0.6703 -0.6521
vn 0.7993 0.4963 -0.3389
vn 0.3293 0.7458 -0.5791
vn 0.3447 0.7738 -0.5314
vn 0.3359 0.8326 -0.4403
vn 0.3192 0.8804 -0.3507
vn 0.8020 0.5781 -0.1503
vn 0.3097 0.9090 -0.2788
vn 0.5053 0.6864 -0.5230
vn 0.2990 0.9335 -0.1978
vn 0.0630 0.7408 -0.6688
vn 0.3394 0.9311 -0.1337
vn -0.6787 0.7344 -0.0018
vn 0.2808 0.9572 -0.0703
vn 0.3240 0.9459 0.0175
vn 0.3318 0.9346 0.1285
vn -0.0379 0.4511 0.8917
vn 0.3143 0.9269 0.2053
vn 0.5104 0.7691 0.3846
vn 0.3333 0.8961 0.2931
vn 0.7998 0.5367 0.2688
vn 0.3419 0.8608 0.3771
vn 0.3192 0.8466 0.4258
vn 0.3481 0.7848 0.5128
vn 0.3427 0.7290 0.5926
vn 0.8023 0.4150 0.4290
vn 0.3469 0.6099 0.7125
vn 0.3355 0.6784 0.6536
vn 0.3569 0.5384 0.7634
vn 0.8069 0.2739 0.5234
vn 0.3530 0.4923 0.7956
vn 0.1833 0.4485 0.8748
vn 0.1878 0.3202 0.9286
vn 0.8076 0.1362 0.5738
vn 0.1863 0.1714 0.9674
vn 0.6620 -0.5752 0.4804
vn 0.1429 -0.6357 0.7586
vn 0.7994 0.5981 0.0580
vn 0.7800 0.6231 0.0575
vn 0.7771 0.6277 -0.0469
vn 0.6575 -0.5923 -0.4657
vn 0.5695 -0.6676 -0.4795
vn 0.7915 -0.3862 -0.4738
vn 0.7671 -0.6289 -0.1269
vn 0.7729 -0.5883 0.2378
vn 0.7591 -0.3848 0.5251
vn 0.6120 -0.6490 0.4519
vn -0.0312 0.9855 -0.1666
vn 0.0328 0.9866 -0.1600
vn -0.0424 0.9601 -0.2763
vn -0.0544 0.4565 -0.8881
vn -0.0572 0.5594 -0.8269
vn 0.1569 0.6348 -0.7566
vn 0.1153 0.8243 -0.5543
vn -0.0555 0.7523 -0.6565
vn -0.0272 0.8483 -0.5288
vn -0.0329 0.6597 -0.7508
vn 0.0908 0.8976 -0.4314
vn -0.0180 0.9199 -0.3917
vn 0.0663 0.9509 -0.3023
vn 0.1365 0.7444 -0.6537
vn -0.4303 0.9014 -0.0477
vn -0.4630 0.8845 0.0568
vn -0.3313 0.9418 0.0568
vn -0.1734 0.9845 0.0271
vn -0.1919 0.9787 0.0734
vn -0.7241 0.6297 0.2813
vn -0.8058 0.5491 0.2220
vn -0.7969 0.4923 0.3501
vn -0.8600 0.4267 0.2800
vn -0.6362 0.7624 -0.1183
vn -0.7350 0.6473 -0.2021
vn -0.7248 0.6844 -0.0789
vn -0.6613 0.7500 0.0130
vn -0.5506 0.8343 -0.0263
vn -0.7468 0.5949 -0.2974
vn -0.8203 0.4755 -0.3177
vn -0.8502 0.4791 -0.2184
vn -0.8106 0.5746 -0.1133
vn -0.5871 0.8044 0.0915
vn -0.3020 0.9443 0.1308
vn -0.8842 0.4502 -0.1246
vn -0.7814 0.6240 -0.0051
vn -0.4663 0.8726 0.1455
vn -0.7714 0.6301 0.0882
vn -0.8633 0.5043 0.0190
vn -0.7166 0.6820 0.1460
vn -0.6299 0.7552 0.1813
vn -0.9083 0.4160 -0.0450
vn -0.6044 0.7580 0.2453
vn -0.4725 0.8560 0.2100
vn -0.8991 0.4274 0.0950
vn -0.8677 0.4688 0.1655
vn -0.1177 0.9207 0.3721
vn -0.0941 0.9694 0.2267
vn -0.1771 0.9398 0.2922
vn -0.3146 0.7632 0.5644
vn -0.2246 0.8622 0.4541
vn -0.3256 0.8500 0.4142
vn -0.4034 0.7909 0.4602
vn -0.4287 0.7160 0.5509
vn -0.6278 0.4613 0.6269
vn -0.6551 0.5349 0.5336
vn -0.7265 0.4092 0.5519
vn -0.5300 0.6105 0.5885
vn -0.5580 0.6522 0.5132
vn -0.0567 0.9938 0.0955
vn -0.0422 0.9774 0.2073
vn -0.7565 0.4513 0.4733
vn -0.4235 0.8436 0.3302
vn -0.5000 0.7474 0.4376
vn -0.1519 0.9734 0.1716
vn -0.2850 0.9238 0.2558
vn -0.2593 0.9061 0.3342
vn -0.6241 0.6490 0.4351
vn -0.6478 0.6779 0.3477
vn -0.7233 0.5486 0.4193
vn -0.5260 0.7880 0.3199
vn -0.3509 0.9132 0.2073
vn -0.1711 0.9772 0.1257
vn -0.2815 0.9595 -0.0116
vn -0.6206 0.7496 -0.2303
vn -0.6765 0.6231 -0.3925
vn -0.7856 0.4704 -0.4020
vn -0.3101 0.9465 -0.0892
vn -0.4053 0.9005 -0.1576
vn -0.5302 0.8348 -0.1484
vn -0.7070 0.5298 -0.4684
vn -0.6690 0.4904 -0.5585
vn -0.7459 0.4026 -0.5306
vn -0.1773 0.9832 -0.0426
vn -0.2959 0.9351 -0.1948
vn -0.4902 0.8340 -0.2531
vn -0.3704 0.8912 -0.2620
vn -0.4764 0.8133 -0.3340
vn -0.5496 0.7240 -0.4168
vn -0.4865 0.6792 -0.5495
vn -0.5937 0.6301 -0.5005
vn -0.5638 0.5724 -0.5954
vn -0.5324 0.5085 -0.6767
vn -0.3980 0.6783 -0.6177
vn -0.4255 0.5707 -0.7023
vn -0.1180 0.9910 -0.0636
vn -0.4364 0.7827 -0.4438
vn -0.3826 0.7621 -0.5223
vn -0.3257 0.5693 -0.7549
vn -0.3674 0.4536 -0.8119
vn -0.2169 0.9683 -0.1240
vn -0.1992 0.9615 -0.1891
vn -0.2784 0.6893 -0.6689
vn -0.2084 0.6597 -0.7220
vn -0.1104 0.9828 -0.1481
vn -0.3118 0.8278 -0.4665
vn -0.2772 0.7781 -0.5637
vn -0.2494 0.4905 -0.8350
vn -0.2964 0.8942 -0.3356
vn -0.1910 0.9402 -0.2822
vn -0.2259 0.8785 -0.4210
vn -0.1375 0.6162 -0.7755
vn -0.1908 0.8227 -0.5356
vn -0.1303 0.7557 -0.6418
vn -0.1425 0.9149 -0.3778
vn -0.0715 0.9844 -0.1606
vn -0.1047 0.9646 -0.2420
vn -0.0808 0.9115 -0.4033
vn -0.1039 0.8508 -0.5151
vn -0.1717 0.4486 -0.8771
vn -0.3726 0.8571 -0.3559
vn -0.4917 0.4294 -0.7575
vn -0.6423 0.4281 -0.6358
vn -0.6221 0.7193 -0.3092
vn -0.8270 0.3927 0.4023
vn -0.4103 0.6483 0.6414
vn -0.5046 0.5391 0.6743
vn -0.1226 0.8632 0.4897
vn -0.2103 0.7582 0.6172
vn -0.0233 0.9579 0.2862
vn -0.0345 0.9214 0.3872
vn -0.5626 0.4055 0.7204
vn -0.4009 0.5446 0.7366
vn -0.3019 0.6693 0.6789
vn -0.1363 0.7759 0.6160
vn -0.4693 0.4447 0.7629
vn -0.0372 0.8796 0.4743
vn -0.3224 0.5749 0.7520
vn -0.0478 0.8230 0.5660
vn -0.2102 0.5955 0.7753
vn -0.3759 0.4226 0.8247
vn -0.2778 0.4843 0.8297
vn -0.1292 0.6706 0.7304
vn -0.0397 0.7593 0.6495
vn -0.0929 0.5912 0.8011
vn -0.0260 0.6683 0.7434
vn -0.1979 0.4298 0.8810
vn -0.1233 0.4710 0.8735
vn -0.0320 0.4980 0.8666
vn 0.1668 0.5705 0.8042
vn 0.0344 0.9854 0.1667
vn 0.1179 0.8169 0.5646
vn 0.1492 0.6625 0.7340
vn 0.0603 0.9581 0.2801
vn 0.0881 0.8983 0.4304
vn 0.1387 0.7423 0.6555
vn 0.2104 0.8759 0.4343
vn 0.2431 0.8781 0.4120
vn 0.1907 0.9169 0.3506
vn 0.2487 0.9431 0.2208
vn 0.2737 0.7671 0.5802
vn 0.2952 0.7607 0.5781
vn 0.1160 0.9711 0.2087
vn 0.1617 0.9540 0.2524
vn 0.1436 0.9743 0.1737
vn 0.2980 0.6921 0.6574
vn 0.3284 0.6029 0.7271
vn 0.0836 0.9886 0.1251
vn 0.1080 0.9897 0.0945
vn 0.2330 0.9134 0.3338
vn 0.3024 0.8131 0.4975
vn 0.2131 0.9440 0.2521
vn 0.2840 0.9040 0.3195
vn 0.1415 0.9863 -0.0851
vn 0.1282 0.9782 -0.1632
vn 0.1990 0.9800 -0.0059
vn 0.2020 0.9694 -0.1398
vn 0.0757 0.9887 -0.1295
vn 0.2149 0.9475 -0.2368
vn 0.2516 0.9013 -0.3526
vn 0.1721 0.9496 -0.2622
vn 0.3040 0.7142 -0.6305
vn 0.2608 0.8096 -0.5258
vn 0.2728 0.7503 -0.6022
vn 0.2238 0.8361 -0.5009
vn 0.1285 0.9631 -0.2365
vn 0.1128 0.9932 -0.0276
vn 0.1341 0.9898 0.0474
vn 0.2192 0.9692 0.1120
vn 0.1996 0.9674 0.1562
vn 0.1377 0.9500 0.2803
vn 0.0712 0.9863 0.1485
vn 0.2248 0.8379 0.4974
vn 0.1577 0.9272 0.3398
vn 0.2593 0.8295 0.4946
vn 0.2578 0.9642 0.0628
vn 0.2065 0.9085 -0.3633
vn 0.2856 0.8383 -0.4644
vn 0.2644 0.8320 -0.4878
vn 0.1977 0.8869 -0.4175
vn 0.1648 0.9298 -0.3290
vn 0.0846 0.9806 -0.1769
vn 0.1189 0.9580 -0.2609
vn -0.6445 0.5118 0.5681
vn 0.5019 0.6309 0.5916
vn -0.6643 -0.6144 0.4257
vn -0.7726 0.2292 0.5921
vn -0.6642 -0.6183 0.4201
vn -0.8471 0.2169 0.4851
vn -0.9594 0.2229 0.1730
vn -0.7749 -0.6246 0.0970
vn -0.7620 -0.6194 0.1888
vn -0.8979 0.3325 0.2886
vn -0.7066 0.2195 0.6727
vn -0.7726 -0.6258 0.1074
vn -0.6453 0.1457 0.7499
vn -0.9115 -0.3818 -0.1528
vn -0.1835 0.0651 0.9809
vn -0.2176 -0.6813 0.6989
vn -0.1110 -0.6846 0.7204
vn -0.2836 0.3542 0.8911
vn -0.9272 0.3313 0.1750
vn -0.9609 0.2561 0.1050
vn -0.7845 -0.6196 0.0245
vn -0.9389 0.3414 0.0447
vn -0.9494 0.3085 -0.0586
vn -0.9680 0.2395 -0.0746
vn -0.9703 0.2417 0.0128
vn -0.9214 0.3591 -0.1483
vn -0.9492 0.2685 -0.1642
vn -0.9091 0.3508 -0.2248
vn -0.9191 0.2854 -0.2717
vn -0.8698 0.3578 -0.3398
vn -0.7917 0.2968 -0.5339
vn -0.8191 0.3574 -0.4486
vn -0.6591 0.3406 -0.6705
vn -0.7378 0.2943 -0.6075
vn -0.7009 0.2198 -0.6786
vn -0.6217 0.0991 -0.7770
vn -0.5292 0.1811 -0.8290
vn -0.5392 0.0800 -0.8383
vn -0.4253 0.0891 -0.9006
vn -0.4272 0.2069 -0.8802
vn -0.3376 0.1948 -0.9209
vn -0.2971 0.0918 -0.9504
vn -0.2516 0.2201 -0.9425
vn -0.1698 0.0950 -0.9809
vn -0.1699 0.2266 -0.9591
vn -0.0648 0.1641 -0.9843
vn -0.6171 0.2259 -0.7538
vn -0.7596 -0.6293 -0.1645
vn -0.5780 0.3508 -0.7368
vn -0.5110 0.2904 -0.8091
vn -0.4383 0.3400 -0.8320
vn -0.2681 0.3457 -0.8992
vn -0.3460 0.3201 -0.8819
vn -0.1512 0.3295 -0.9320
vn -0.0543 0.3393 -0.9391
vn -0.7646 -0.6020 0.2300
vn -0.9055 -0.3945 0.1565
vn -0.4304 -0.6838 -0.5892
vn -0.6655 -0.6478 -0.3708
vn -0.6459 -0.6055 -0.4650
vn -0.6578 -0.6128 -0.4379
vn -0.7047 -0.6248 -0.3362
vn -0.8576 0.2203 -0.4648
vn -0.9114 0.2335 -0.3389
vn -0.7406 -0.6221 -0.2538
vn -0.7233 -0.6170 0.3101
vn -0.9305 0.2342 0.2818
vn -0.8949 0.2342 0.3799
vn -0.7818 -0.6202 -0.0640
vn -0.0534 0.2333 0.9709
vn -0.1685 0.2367 0.9569
vn -0.1655 0.1445 0.9756
vn -0.0523 0.1110 0.9924
vn -0.0360 -0.6794 0.7329
vn -0.0535 0.3439 0.9375
vn -0.1669 0.3306 0.9289
vn -0.3037 0.2565 0.9176
vn -0.2686 0.1798 0.9463
vn -0.2971 0.0760 0.9518
vn -0.3704 0.1116 0.9221
vn -0.4309 0.2024 0.8794
vn -0.4104 0.3047 0.8595
vn -0.5169 0.1956 0.8334
vn -0.5082 0.3253 0.7974
vn -0.5873 0.2222 0.7783
vn -0.6257 0.2823 0.7272
vn -0.5660 0.0931 0.8191
vn -0.3960 -0.6811 0.6159
vn -0.7729 -0.5977 -0.2130
vn -0.4723 0.0853 0.8773
vn -0.3064 -0.6804 0.6658
vn -0.6779 0.3342 0.6548
vn -0.7644 0.3005 0.5705
vn -0.8675 0.2997 0.3970
vn -0.8102 0.3305 0.4840
vn -0.9536 0.2129 -0.2129
vn -0.7703 -0.6200 -0.1490
vn -0.8591 0.2894 -0.4222
vn -0.0511 0.2479 -0.9674
vn -0.0410 0.0683 -0.9968
vn -0.0620 -0.6792 -0.7313
vn -0.1661 -0.6802 -0.7140
vn -0.2615 -0.6802 -0.6848
vn -0.3515 -0.6813 -0.6421
vn 0.5028 0.6305 -0.5914
vn -0.6976 -0.7118 0.0821
vn -0.5068 -0.6015 -0.6175
vn -0.6584 -0.6585 0.3645
vn 0.6964 -0.7153 0.0569
vn 0.6964 -0.6534 0.2968
vn 0.5581 -0.5902 -0.5833
vn 0.3971 -0.6432 0.6547
vn -0.3810 -0.6544 0.6531
vn -0.0180 -0.6608 0.7503
vn 0.6964 -0.7154 0.0569
vn -0.5067 -0.6016 -0.6175
vn -0.6184 -0.6440 0.4504
vn 0.6964 -0.6534 0.2967
vn 0.3789 -0.6382 0.6702
vn -0.1702 -0.6372 0.7516
vn -0.7013 -0.7060 0.0981
vn -0.7132 -0.6888 -0.1297
vn -0.6150 -0.6532 -0.4416
vn -0.5383 -0.5951 0.5967
vn 0.7059 -0.7017 -0.0967
vn 0.5543 -0.5890 0.5881
vn 0.6564 -0.6557 -0.3731
vn 0.3723 -0.6530 -0.6596
vn -0.3045 -0.6582 -0.6885
vn 0.0328 -0.6628 -0.7480
vn -0.5633 -0.6441 -0.5175
vn 0.6516 -0.6524 -0.3869
vn 0.3032 -0.6428 -0.7035
vn -0.1571 -0.6532 -0.7407
vn -0.7130 -0.6849 -0.1504
vn -0.7031 -0.7033 0.1048
vn -0.5351 -0.5986 -0.5961
vn -0.6544 -0.6535 0.3802
vn 0.7140 -0.6845 0.1475
vn 0.5496 -0.5899 -0.5916
vn 0.5645 -0.6436 0.5168
vn -0.3166 -0.6408 0.6994
vn 0.1537 -0.6523 0.7422
vn 0.7083 -0.6969 -0.1127
vn 0.6182 -0.6430 -0.4520
vn -0.2849 -0.6529 -0.7018
vn 0.1842 -0.6404 -0.7457
vn -0.2615 -0.9206 -0.2900
vn -0.3826 -0.5642 -0.7317
vn 0.3631 -0.7336 -0.5745
vn 0.2731 -0.7394 -0.6154
vn 0.1751 -0.7380 -0.6517
vn 0.0739 -0.7401 -0.6684
vn 0.4950 -0.6141 0.6147
vn 0.5069 -0.6503 -0.5658
vn 0.6377 -0.2616 -0.7245
vn 0.6306 -0.0780 -0.7722
vn 0.4699 -0.5520 -0.6888
vn 0.4981 -0.1386 -0.8559
vn 0.2304 -0.7207 -0.6539
vn 0.2513 -0.2041 -0.9461
vn 0.0249 -0.7860 -0.6177
vn -0.1309 -0.7698 -0.6247
vn -0.3036 -0.6960 -0.6508
vn -0.4693 -0.5508 -0.6902
vn -0.6176 -0.2664 -0.7400
vn -0.5507 -0.6275 -0.5504
vn 0.0532 -0.2747 -0.9601
vn -0.0137 -0.2971 -0.9548
vn -0.0020 -0.2762 -0.9611
vn -0.0560 -0.2109 -0.9759
vn 0.1278 -0.2366 -0.9632
vn -0.2391 -0.2051 -0.9491
vn 0.3379 -0.1838 -0.9231
vn 0.0782 -0.7759 -0.6260
vn -0.0841 -0.7746 -0.6268
vn -0.2687 -0.7147 -0.6458
vn -0.4958 -0.1393 -0.8572
vn -0.4657 -0.5565 -0.6880
vn -0.6583 -0.0711 -0.7494
vn -0.6391 -0.2596 -0.7240
vn 0.2664 -0.7122 -0.6494
vn 0.5356 -0.1011 -0.8384
vn 0.4668 -0.5641 -0.6811
vn 0.7083 -0.2423 -0.6631
vn 0.1414 -0.2322 -0.9623
vn -0.2177 -0.2072 -0.9538
vn 0.3345 -0.1853 -0.9240
vn 0.0781 -0.7759 -0.6260
vn -0.1467 -0.2317 -0.9617
vn 0.0334 -0.2838 -0.9583
vn -0.3805 -0.1793 -0.9072
vn 0.0754 -0.7721 -0.6310
vn -0.0899 -0.7738 -0.6270
vn -0.2619 -0.7169 -0.6461
vn -0.5064 -0.1416 -0.8506
vn 0.2160 -0.7425 -0.6341
vn 0.3758 -0.6426 -0.6677
vn 0.0409 -0.1525 -0.9875
vn 0.5653 -0.3971 -0.7230
vn 0.0433 -0.0537 -0.9976
vn 0.6604 -0.0649 -0.7481
vn 0.7063 -0.2370 0.6671
vn 0.5921 -0.2124 -0.7774
vn 0.4891 -0.5871 0.6451
vn 0.4719 -0.3815 -0.7949
vn 0.3057 -0.6954 0.6503
vn 0.2483 -0.5057 -0.8262
vn 0.1309 -0.7629 0.6331
vn -0.0373 -0.5942 -0.8034
vn -0.0599 -0.7730 0.6316
vn -0.3418 -0.4467 -0.8269
vn -0.2677 -0.7108 0.6505
vn -0.4593 -0.5620 0.6879
vn -0.5492 -0.2810 -0.7871
vn -0.6225 -0.2889 0.7273
vn -0.6325 -0.1203 -0.7652
vn -0.5393 -0.6193 0.5706
vn -0.5383 -0.5975 -0.5943
vn -0.5087 -0.5937 0.6235
vn -0.5917 -0.1987 0.7813
vn -0.4729 -0.3787 0.7956
vn -0.2458 -0.5020 0.8292
vn 0.0595 -0.5352 0.8426
vn 0.2893 -0.5146 0.8071
vn 0.4662 -0.3738 0.8019
vn 0.5921 -0.2127 0.7773
vn 0.6622 -0.0667 0.7463
vn 0.5501 -0.6345 0.5429
vn 0.5129 -0.5827 -0.6304
vn 0.6182 -0.2663 0.7395
vn 0.5915 -0.1962 -0.7820
vn 0.4659 -0.5574 0.6872
vn 0.4708 -0.3760 -0.7981
vn 0.2645 -0.7165 0.6455
vn 0.2908 -0.5049 -0.8127
vn 0.0979 -0.7822 0.6153
vn 0.0557 -0.5414 -0.8389
vn -0.0709 -0.7737 0.6296
vn -0.2393 -0.5060 -0.8287
vn -0.2686 -0.7108 0.6501
vn -0.4692 -0.3746 -0.7997
vn -0.4717 -0.5479 0.6909
vn -0.5931 -0.1958 -0.7810
vn -0.6291 -0.2475 0.7369
vn -0.6578 -0.0797 0.7489
vn -0.5840 -0.2259 0.7797
vn -0.4635 -0.3891 0.7961
vn -0.3130 -0.5083 0.8023
vn -0.1767 -0.5358 0.8256
vn 0.3147 -0.1056 0.9433
vn 0.3011 -0.4952 0.8150
vn 0.4860 -0.3593 0.7967
vn 0.5977 -0.1866 0.7797
vn 0.6636 -0.0670 -0.7451
vn 0.6921 -0.2461 0.6786
vn 0.5912 -0.2117 -0.7783
vn 0.4714 -0.3811 -0.7953
vn 0.3069 -0.6959 0.6493
vn 0.2482 -0.5057 -0.8262
vn 0.1308 -0.7580 0.6390
vn -0.0378 -0.5405 -0.8405
vn -0.0626 -0.7470 0.6619
vn -0.3419 -0.4440 -0.8283
vn -0.2690 -0.7112 0.6495
vn -0.4559 -0.5691 0.6843
vn -0.5500 -0.2815 -0.7863
vn -0.7059 -0.2512 0.6623
vn -0.6322 -0.1186 -0.7656
vn -0.4593 -0.3895 0.7984
vn -0.2386 -0.5104 0.8262
vn 0.0546 -0.5417 0.8388
vn 0.2860 -0.5082 0.8124
vn 0.4713 -0.3754 0.7981
vn 0.4752 -0.3806 -0.7933
vn 0.3123 -0.6991 0.6433
vn 0.3031 -0.5008 -0.8108
vn 0.1416 -0.7562 0.6389
vn 0.0549 -0.5373 -0.8416
vn -0.0577 -0.7657 0.6407
vn -0.2380 -0.5041 -0.8302
vn -0.2700 -0.7090 0.6515
vn -0.4692 -0.3744 -0.7998
vn -0.4658 -0.5624 0.6832
vn -0.7001 -0.2295 0.6762
vn -0.2390 -0.5094 0.8267
vn 0.0548 -0.5406 0.8395
vn 0.2864 -0.5071 0.8129
vn 0.4713 -0.3757 0.7979
vn -0.3865 -0.5679 0.7267
vn -0.2889 -0.9139 0.2853
vn 0.3444 -0.7440 0.5725
vn 0.2496 -0.7369 0.6283
vn 0.1666 -0.7425 0.6488
vn 0.0456 -0.7449 0.6657
vn 0.6320 -0.1872 -0.7520
vn 0.6079 -0.2605 -0.7501
vn 0.5124 -0.2111 -0.8324
vn 0.5350 -0.3314 -0.7772
vn 0.6892 -0.2699 -0.6724
vn 0.7712 -0.2579 -0.5820
vn 0.7111 -0.3534 -0.6078
vn 0.7916 -0.3592 -0.4944
vn 0.9291 -0.3608 0.0814
vn 0.9616 -0.2556 0.0994
vn 0.9463 -0.2669 0.1825
vn 0.9299 -0.2277 0.2889
vn 0.6010 -0.7883 0.1316
vn 0.3292 -0.3010 -0.8950
vn 0.4077 -0.5219 -0.7492
vn 0.4483 -0.7123 -0.5400
vn 0.8413 -0.2659 -0.4707
vn 0.5136 -0.7868 -0.3421
vn 0.8886 -0.2631 -0.3759
vn 0.9019 -0.3245 -0.2850
vn 0.5580 -0.7877 -0.2612
vn 0.9170 -0.3581 -0.1756
vn 0.5781 -0.7965 -0.1770
vn 0.9476 -0.2413 -0.2096
vn 0.9587 -0.2614 -0.1120
vn 0.9431 -0.3311 -0.0311
vn 0.6115 -0.7880 -0.0711
vn 0.9722 -0.2339 -0.0059
vn 0.6091 -0.7924 0.0341
vn 0.4710 -0.7347 0.4883
vn 0.4121 -0.5954 0.6897
vn 0.6976 -0.2330 0.6775
vn 0.6303 -0.2539 0.7336
vn 0.5510 -0.2142 0.8065
vn 0.5498 -0.3341 0.7656
vn 0.3603 -0.4721 0.8046
vn 0.3218 -0.3021 0.8973
vn 0.5041 -0.1314 0.8536
vn 0.4233 -0.2274 0.8770
vn 0.2831 -0.2500 0.9259
vn 0.3184 -0.3407 0.8846
vn 0.2014 -0.3622 0.9101
vn 0.4240 -0.0863 0.9015
vn 0.3430 -0.1335 0.9298
vn 0.1735 -0.2519 0.9521
vn 0.0678 -0.3393 0.9382
vn 0.2451 -0.1460 0.9584
vn 0.0644 -0.2431 0.9679
vn 0.1711 -0.1071 0.9794
vn 0.0648 -0.1439 0.9875
vn 0.4451 -0.3299 0.8325
vn 0.6652 -0.3494 0.6599
vn 0.7656 -0.2522 0.5919
vn 0.5206 -0.7978 0.3042
vn 0.6268 -0.3477 -0.6973
vn 0.2186 -0.2954 -0.9300
vn 0.2380 -0.2088 -0.9486
vn 0.3570 -0.2855 -0.8894
vn 0.4460 -0.3244 -0.8341
vn 0.1660 -0.1085 -0.9801
vn 0.3099 -0.0935 -0.9462
vn 0.3384 -0.1970 -0.9201
vn 0.4286 -0.1417 -0.8923
vn 0.5177 -0.0811 -0.8517
vn 0.5647 -0.7931 0.2282
vn 0.9107 -0.3624 0.1983
vn 0.8962 -0.3343 0.2917
vn 0.8700 -0.2934 0.3962
vn 0.8132 -0.2769 0.5119
vn 0.7603 -0.3596 0.5410
vn 0.1108 -0.2396 -0.9645
vn 0.1408 -0.3559 -0.9239
vn -0.6827 -0.2139 -0.6987
vn -0.6826 -0.2153 0.6983
vn -0.5790 -0.6632 0.4743
vn -0.6265 -0.6266 -0.4636
vn -0.7918 -0.3855 0.4737
vn -0.7671 -0.6289 0.1268
vn -0.7729 -0.5883 -0.2378
vn -0.7584 -0.3866 -0.5247
vn 0.5649 -0.0937 0.8198
vn 0.3606 -0.1744 0.9163
vn -0.2507 -0.2046 0.9462
vn -0.4981 -0.1389 0.8559
vn 0.0742 -0.2626 0.9620
vn -0.0392 -0.2854 0.9576
vn -0.6306 -0.0780 0.7722
vn 0.3602 -0.1748 0.9163
vn -0.2642 -0.1946 0.9446
vn -0.5296 -0.1010 0.8422
vn 0.0751 -0.2684 0.9604
vn -0.0398 -0.2799 0.9592
vn -0.5409 -0.1015 0.8350
vn -0.3683 -0.1783 0.9124
vn -0.1510 -0.2305 0.9613
vn 0.0027 -0.2887 0.9574
vn 0.1648 -0.2260 0.9601
vn 0.4473 -0.1646 0.8791
vn 0.5261 -0.1042 0.8440
vn -0.6448 0.5126 -0.5670
s 1
f 409//1 1//2 481//3
f 409//1 481//3 2//4
f 481//3 3//5 2//4
f 2//4 3//5 4//6
f 2//4 4//6 5//7
f 5//7 4//6 474//8
f 5//7 474//8 405//9
f 474//8 279//10 405//9
f 2//4 5//7 358//11
f 6//12 7//13 8//14
f 13//15 12//16 14//17
f 7//13 10//18 9//19
f 9//19 10//18 11//20
f 11//20 10//18 12//16
f 10//18 14//17 12//16
f 185//21 13//15 14//17
f 186//22 14//17 187//23
f 225//24 187//23 15//25
f 225//24 15//25 16//26
f 16//26 15//25 17//27
f 17//27 19//28 18//29
f 14//17 15//25 187//23
f 15//25 19//28 17//27
f 20//30 21//31 19//28
f 21//31 18//29 19//28
f 21//31 20//30 22//32
f 24//33 23//34 198//35
f 198//35 23//34 203//36
f 203//36 25//37 26//38
f 26//38 25//37 27//39
f 20//30 23//34 22//32
f 203//36 23//34 25//37
f 27//39 25//37 196//40
f 196//40 25//37 28//41
f 30//42 31//43 32//44
f 34//45 33//46 35//47
f 29//48 28//41 175//49
f 28//41 31//43 30//42
f 31//43 35//47 33//46
f 28//41 197//50 196//40
f 23//34 24//33 22//32
f 22//32 24//33 36//51
f 36//51 24//33 212//52
f 36//51 212//52 37//53
f 37//53 212//52 191//54
f 37//53 191//54 194//55
f 37//53 194//55 193//56
f 37//53 193//56 38//57
f 38//57 193//56 17//27
f 38//57 17//27 18//29
f 186//22 185//21 14//17
f 8//14 7//13 9//19
f 197//50 28//41 29//48
f 175//49 28//41 30//42
f 32//44 31//43 33//46
f 39//58 49//59 40//60
f 40//60 49//59 183//61
f 40//60 183//61 190//62
f 40//60 190//62 41//63
f 41//63 190//62 214//64
f 40//60 41//63 132//65
f 132//65 41//63 42//66
f 41//63 179//67 42//66
f 40//60 132//65 43//68
f 161//69 50//70 182//71
f 53//72 54//73 45//74
f 45//74 54//73 46//75
f 11//20 53//72 44//76
f 45//74 44//76 53//72
f 47//77 51//78 50//70
f 54//73 52//79 46//75
f 46//75 52//79 51//78
f 47//77 46//75 51//78
f 161//69 47//77 50//70
f 55//80 161//69 182//71
f 55//80 182//71 48//81
f 39//58 55//80 48//81
f 39//58 48//81 49//59
f 57//82 58//83 59//84
f 61//85 60//86 62//87
f 70//88 98//89 155//90
f 101//91 95//92 99//93
f 57//82 56//94 71//95
f 57//82 71//95 58//83
f 60//86 58//83 72//96
f 62//87 73//97 63//98
f 63//98 73//97 64//99
f 60//86 72//96 62//87
f 73//97 79//100 77//101
f 77//101 78//102 64//99
f 65//103 78//102 66//104
f 72//96 75//105 76//106
f 76//106 79//100 73//97
f 77//101 80//107 78//102
f 71//95 74//108 82//109
f 71//95 82//109 75//105
f 75//105 83//110 76//106
f 76//106 84//111 79//100
f 77//101 79//100 80//107
f 74//108 89//112 82//109
f 67//113 86//114 87//115
f 84//111 83//110 88//116
f 84//111 88//116 85//117
f 88//116 90//118 91//119
f 87//115 93//120 70//88
f 87//115 70//88 69//121
f 88//116 94//122 90//118
f 90//118 95//92 96//123
f 96//123 97//124 98//89
f 98//89 97//124 155//90
f 40//60 99//93 94//122
f 94//122 99//93 95//92
f 96//123 95//92 97//124
f 95//92 101//91 149//125
f 40//60 43//68 99//93
f 102//126 103//127 145//128
f 105//129 104//130 106//131
f 107//132 108//133 109//134
f 120//135 117//136 116//137
f 113//138 115//139 114//140
f 104//130 121//141 106//131
f 109//134 108//133 110//142
f 110//142 108//133 122//143
f 106//131 123//144 107//132
f 107//132 124//145 108//133
f 43//68 132//65 100//146
f 102//126 100//146 103//127
f 145//128 103//127 104//130
f 106//131 121//141 123//144
f 107//132 123//144 124//145
f 122//143 128//147 129//148
f 100//146 132//65 125//149
f 123//144 127//150 130//151
f 123//144 130//151 124//145
f 103//127 125//149 126//152
f 124//145 130//151 131//153
f 124//145 131//153 128//147
f 111//154 129//148 112//155
f 121//141 126//152 127//150
f 128//147 131//153 129//148
f 127//150 135//156 136//157
f 125//149 133//158 134//159
f 130//151 139//160 131//153
f 132//65 143//161 133//158
f 139//160 141//162 120//135
f 174//163 140//164 142//165
f 174//163 142//165 141//162
f 141//162 142//165 181//166
f 132//65 42//66 143//161
f 143//161 119//167 140//164
f 140//164 180//168 142//165
f 143//161 42//66 119//167
f 100//146 102//126 101//91
f 107//132 146//169 106//131
f 104//130 105//129 144//170
f 100//146 101//91 99//93
f 100//146 99//93 43//68
f 109//134 147//171 107//132
f 106//131 146//169 105//129
f 104//130 144//170 145//128
f 107//132 147//171 146//169
f 105//129 148//172 144//170
f 145//128 149//125 102//126
f 144//170 150//173 145//128
f 145//128 150//173 149//125
f 146//169 151//174 105//129
f 102//126 149//125 101//91
f 146//169 152//175 151//174
f 105//129 151//174 148//172
f 148//172 153//176 144//170
f 144//170 153//176 150//173
f 147//171 152//175 146//169
f 148//172 154//177 153//176
f 150//173 97//124 149//125
f 151//174 154//177 148//172
f 153//176 155//90 150//173
f 150//173 155//90 97//124
f 152//175 156//178 151//174
f 151//174 156//178 157//179
f 151//174 157//179 154//177
f 153//176 154//177 155//90
f 157//179 159//180 154//177
f 154//177 70//88 155//90
f 156//178 159//180 157//179
f 154//177 159//180 158//181
f 154//177 158//181 70//88
f 159//180 160//182 158//181
f 158//181 160//182 69//121
f 158//181 69//121 70//88
f 58//83 60//86 59//84
f 62//87 63//98 162//183
f 56//94 161//69 55//80
f 62//87 162//183 61//85
f 57//82 59//84 163//184
f 56//94 164//185 161//69
f 60//86 61//85 165//186
f 60//86 165//186 59//84
f 56//94 57//82 164//185
f 57//82 163//184 164//185
f 162//183 166//187 61//85
f 59//84 165//186 167//188
f 59//84 167//188 163//184
f 61//85 166//187 165//186
f 163//184 169//189 164//185
f 167//188 168//190 163//184
f 164//185 169//189 47//77
f 164//185 47//77 161//69
f 166//187 170//191 165//186
f 163//184 168//190 169//189
f 165//186 170//191 167//188
f 167//188 170//191 171//192
f 167//188 171//192 168//190
f 169//189 46//75 47//77
f 169//189 168//190 46//75
f 171//192 172//193 168//190
f 168//190 172//193 45//74
f 168//190 45//74 46//75
f 172//193 44//76 45//74
f 55//80 39//58 81//194
f 55//80 74//108 56//94
f 73//97 77//101 64//99
f 58//83 71//95 75//105
f 58//83 75//105 72//96
f 62//87 72//96 76//106
f 62//87 76//106 73//97
f 55//80 81//194 74//108
f 56//94 74//108 71//95
f 64//99 78//102 65//103
f 75//105 82//109 173//195
f 78//102 80//107 86//114
f 78//102 86//114 66//104
f 39//58 40//60 81//194
f 76//106 83//110 84//111
f 79//100 84//111 85//117
f 74//108 81//194 89//112
f 80//107 85//117 92//196
f 80//107 92//196 86//114
f 67//113 87//115 68//197
f 75//105 173//195 83//110
f 79//100 85//117 80//107
f 66//104 86//114 67//113
f 173//195 88//116 83//110
f 86//114 92//196 93//120
f 86//114 93//120 87//115
f 89//112 81//194 40//60
f 82//109 94//122 173//195
f 173//195 94//122 88//116
f 88//116 91//119 85//117
f 85//117 91//119 92//196
f 82//109 89//112 94//122
f 89//112 40//60 94//122
f 91//119 90//118 96//123
f 91//119 96//123 92//196
f 92//196 98//89 93//120
f 93//120 98//89 70//88
f 68//197 87//115 69//121
f 94//122 95//92 90//118
f 92//196 96//123 98//89
f 95//92 149//125 97//124
f 108//133 124//145 122//143
f 100//146 125//149 103//127
f 104//130 103//127 126//152
f 104//130 126//152 121//141
f 121//141 127//150 123//144
f 122//143 124//145 128//147
f 122//143 129//148 111//154
f 127//150 136//157 130//151
f 129//148 113//138 112//155
f 126//152 125//149 134//159
f 126//152 135//156 127//150
f 131//153 137//198 129//148
f 133//158 125//149 132//65
f 135//156 174//163 136//157
f 130//151 136//157 141//162
f 130//151 141//162 139//160
f 131//153 139//160 137//198
f 138//199 116//137 113//138
f 126//152 134//159 135//156
f 137//198 138//199 129//148
f 129//148 138//199 113//138
f 136//157 174//163 141//162
f 135//156 134//159 174//163
f 133//158 143//161 134//159
f 134//159 143//161 140//164
f 134//159 140//164 174//163
f 139//160 120//135 137//198
f 137//198 120//135 138//199
f 138//199 120//135 116//137
f 141//162 181//166 120//135
f 140//164 119//167 180//168
f 181//166 142//165 180//168
f 120//135 181//166 118//200
f 117//136 120//135 118//200
f 113//138 116//137 115//139
f 178//201 119//167 179//67
f 119//167 178//201 180//168
f 119//167 42//66 179//67
f 180//168 178//201 177//202
f 180//168 177//202 181//166
f 118//200 177//202 207//203
f 181//166 177//202 118//200
f 117//136 118//200 207//203
f 208//204 117//136 207//203
f 116//137 117//136 208//204
f 116//137 208//204 176//205
f 115//139 116//137 176//205
f 114//140 115//139 176//205
f 114//140 176//205 175//49
f 190//62 229//206 214//64
f 191//54 228//207 194//55
f 226//208 188//209 189//210
f 220//211 186//22 187//23
f 216//212 187//23 188//209
f 16//26 17//27 192//213
f 192//213 17//27 193//56
f 213//214 202//215 41//63
f 41//63 202//215 179//67
f 195//216 200//217 201//218
f 198//35 203//36 199//219
f 201//218 200//217 202//215
f 199//219 203//36 204//220
f 199//219 204//220 200//217
f 200//217 204//220 232//221
f 204//220 203//36 26//38
f 204//220 26//38 205//222
f 230//223 206//224 208//204
f 230//223 208//204 207//203
f 206//224 197//50 176//205
f 197//50 29//48 176//205
f 206//224 176//205 208//204
f 175//49 176//205 29//48
f 177//202 178//201 232//221
f 200//217 209//225 202//215
f 202//215 178//201 179//67
f 24//33 211//226 212//52
f 195//216 211//226 210//227
f 195//216 213//214 211//226
f 189//210 217//228 226//208
f 216//212 184//229 220//211
f 190//62 183//61 215//230
f 223//231 222//232 184//229
f 215//230 183//61 217//228
f 226//208 217//228 223//231
f 217//228 183//61 224//233
f 53//72 11//20 12//16
f 218//234 12//16 13//15
f 218//234 53//72 12//16
f 54//73 53//72 218//234
f 185//21 218//234 13//15
f 52//79 54//73 218//234
f 219//235 218//234 185//21
f 52//79 218//234 219//235
f 219//235 185//21 220//211
f 51//78 52//79 221//236
f 221//236 52//79 219//235
f 50//70 51//78 221//236
f 182//71 222//232 223//231
f 221//236 219//235 220//211
f 50//70 221//236 222//232
f 50//70 222//232 182//71
f 224//233 48//81 223//231
f 223//231 48//81 182//71
f 48//81 224//233 49//59
f 49//59 224//233 183//61
f 184//229 221//236 220//211
f 222//232 221//236 184//229
f 223//231 217//228 224//233
f 185//21 186//22 220//211
f 184//229 216//212 223//231
f 187//23 225//24 188//209
f 216//212 226//208 223//231
f 188//209 16//26 189//210
f 220//211 187//23 216//212
f 189//210 192//213 215//230
f 226//208 216//212 188//209
f 217//228 189//210 215//230
f 189//210 16//26 192//213
f 188//209 225//24 16//26
f 192//213 227//237 215//230
f 215//230 227//237 190//62
f 192//213 193//56 227//237
f 190//62 227//237 229//206
f 193//56 194//55 227//237
f 227//237 194//55 228//207
f 227//237 228//207 229//206
f 191//54 212//52 211//226
f 228//207 211//226 213//214
f 211//226 24//33 210//227
f 228//207 191//54 211//226
f 214//64 213//214 41//63
f 229//206 213//214 214//64
f 213//214 195//216 201//218
f 229//206 228//207 213//214
f 24//33 198//35 210//227
f 213//214 201//218 202//215
f 195//216 210//227 199//219
f 210//227 198//35 199//219
f 195//216 199//219 200//217
f 26//38 27//39 205//222
f 202//215 209//225 178//201
f 196//40 197//50 206//224
f 196//40 206//224 230//223
f 196//40 230//223 27//39
f 27//39 230//223 205//222
f 205//222 230//223 231//238
f 205//222 231//238 204//220
f 204//220 231//238 232//221
f 232//221 209//225 200//217
f 230//223 207//203 231//238
f 231//238 207//203 177//202
f 231//238 177//202 232//221
f 232//221 178//201 209//225
f 233//239 234//240 36//51
f 36//51 234//240 22//32
f 233//239 37//53 235//241
f 233//239 36//51 37//53
f 235//241 37//53 38//57
f 236//242 21//31 234//240
f 236//242 18//29 21//31
f 234//240 21//31 22//32
f 235//241 38//57 236//242
f 236//242 38//57 18//29
f 236//242 234//240 235//241
f 235//241 234//240 233//239
f 237//243 239//244 241//245
f 241//245 240//246 273//247
f 242//248 273//247 244//249
f 243//250 242//248 244//249
f 242//248 243//250 471//251
f 471//251 470//252 242//248
f 242//248 470//252 245//253
f 245//253 456//254 246//255
f 245//253 470//252 456//254
f 245//253 246//255 493//256
f 493//256 464//257 245//253
f 245//253 464//257 266//258
f 266//258 464//257 463//259
f 463//259 247//260 266//258
f 459//261 248//262 463//259
f 463//259 248//262 247//260
f 248//262 459//261 462//263
f 248//262 462//263 249//264
f 249//264 462//263 457//265
f 249//264 457//265 452//266
f 249//264 452//266 451//267
f 249//264 451//267 250//268
f 250//268 451//267 251//269
f 250//268 251//269 252//270
f 252//270 251//269 450//271
f 252//270 450//271 253//272
f 253//272 450//271 449//273
f 253//272 449//273 447//274
f 253//272 447//274 446//275
f 253//272 255//276 254//277
f 253//272 446//275 255//276
f 444//278 254//277 437//279
f 254//277 255//276 437//279
f 254//277 257//280 256//281
f 256//281 257//280 435//282
f 435//282 427//283 256//281
f 256//281 427//283 258//284
f 262//285 258//284 259//286
f 261//287 259//286 260//288
f 261//287 262//285 259//286
f 252//270 253//272 263//289
f 252//270 263//289 264//290
f 264//290 263//289 265//291
f 265//291 263//289 266//258
f 265//291 266//258 247//260
f 240//246 241//245 239//244
f 241//245 238//292 237//243
f 242//248 241//245 273//247
f 257//280 254//277 444//278
f 262//285 256//281 258//284
f 261//287 267//293 262//285
f 262//285 267//293 268//294
f 262//285 268//294 256//281
f 256//281 268//294 269//295
f 256//281 269//295 254//277
f 254//277 269//295 253//272
f 253//272 269//295 245//253
f 253//272 245//253 266//258
f 253//272 266//258 263//289
f 270//296 245//253 269//295
f 270//296 242//248 245//253
f 242//248 270//296 271//297
f 242//248 271//297 241//245
f 241//245 271//297 272//298
f 241//245 272//298 238//292
f 403//299 278//300 404//301
f 285//302 284//303 273//247
f 273//247 284//303 274//304
f 276//305 282//306 281//307
f 274//304 284//303 283//308
f 469//309 281//307 280//310
f 469//309 280//310 277//311
f 277//311 280//310 404//301
f 277//311 404//301 278//300
f 278//300 403//299 405//9
f 278//300 405//9 279//10
f 275//312 283//308 282//306
f 275//312 274//304 283//308
f 276//305 275//312 282//306
f 469//309 276//305 281//307
f 360//313 298//314 299//315
f 358//11 300//316 2//4
f 2//4 300//316 301//317
f 323//318 322//319 307//320
f 307//320 322//319 306//321
f 296//322 295//323 308//324
f 296//322 309//325 297//326
f 360//313 297//326 298//314
f 406//327 294//328 311//329
f 406//327 311//329 295//323
f 295//323 310//330 308//324
f 300//316 299//315 301//317
f 295//323 311//329 310//330
f 296//322 308//324 309//325
f 297//326 312//331 298//314
f 297//326 309//325 312//331
f 299//315 302//332 301//317
f 311//329 313//333 310//330
f 310//330 314//334 308//324
f 308//324 314//334 309//325
f 299//315 298//314 303//335
f 299//315 303//335 302//332
f 309//325 314//334 315//336
f 310//330 316//337 314//334
f 312//331 303//335 298//314
f 310//330 313//333 316//337
f 309//325 315//336 317//338
f 309//325 317//338 312//331
f 312//331 318//339 303//335
f 313//333 319//340 316//337
f 312//331 317//338 318//339
f 314//334 316//337 315//336
f 318//339 305//341 303//335
f 303//335 305//341 304//342
f 319//340 320//343 316//337
f 316//337 321//344 315//336
f 315//336 321//344 322//319
f 315//336 322//319 317//338
f 317//338 323//318 318//339
f 316//337 320//343 321//344
f 317//338 322//319 323//318
f 318//339 323//318 305//341
f 321//344 306//321 322//319
f 337//345 336//346 344//347
f 339//348 338//349 346//350
f 339//348 347//351 340//352
f 324//353 342//354 511//355
f 339//348 346//350 347//351
f 341//356 408//357 342//354
f 409//1 343//358 335//359
f 337//345 344//347 338//349
f 340//352 408//357 341//356
f 511//355 342//354 407//360
f 347//351 351//361 348//362
f 336//346 353//363 344//347
f 344//347 354//364 345//365
f 346//350 351//361 347//351
f 349//366 352//367 350//368
f 345//365 354//364 346//350
f 348//362 355//369 349//366
f 350//368 352//367 323//318
f 350//368 323//318 307//320
f 352//367 305//341 323//318
f 355//369 305//341 352//367
f 354//364 357//370 351//361
f 343//358 2//4 356//371
f 354//364 356//371 302//332
f 354//364 302//332 357//370
f 356//371 2//4 301//317
f 299//315 300//316 359//372
f 299//315 359//372 360//313
f 295//323 296//322 362//373
f 294//328 406//327 364//374
f 294//328 364//374 293//375
f 360//313 359//372 367//376
f 360//313 368//377 361//378
f 365//379 291//380 292//381
f 300//316 366//382 359//372
f 368//377 367//376 376//383
f 369//384 368//377 377//385
f 369//384 377//385 370//386
f 371//387 380//388 372//389
f 372//389 380//388 373//390
f 289//391 386//392 381//393
f 358//11 5//7 374//394
f 379//395 385//396 380//388
f 380//388 385//396 386//392
f 381//393 388//397 287//398
f 375//399 374//394 382//400
f 387//401 396//402 388//397
f 374//394 5//7 391//403
f 374//394 391//403 382//400
f 385//396 384//404 390//405
f 385//396 390//405 386//392
f 386//392 390//405 387//401
f 388//397 396//402 389//406
f 383//407 382//400 392//408
f 383//407 393//409 384//404
f 396//402 397//410 389//406
f 382//400 391//403 392//408
f 394//411 395//412 387//401
f 387//401 395//412 396//402
f 392//408 400//413 393//409
f 391//403 5//7 398//414
f 392//408 391//403 399//415
f 396//402 395//412 282//306
f 396//402 282//306 397//410
f 397//410 283//308 284//303
f 400//413 401//416 402//417
f 399//415 404//301 400//413
f 395//412 402//417 282//306
f 391//403 398//414 403//299
f 391//403 403//299 399//415
f 400//413 404//301 401//416
f 402//417 281//307 282//306
f 401//416 404//301 280//310
f 398//414 405//9 403//299
f 394//411 390//405 393//409
f 284//303 285//302 286//418
f 284//303 286//418 397//410
f 394//411 387//401 390//405
f 283//308 397//410 282//306
f 281//307 402//417 401//416
f 281//307 401//416 280//310
f 397//410 286//418 389//406
f 390//405 384//404 393//409
f 393//409 383//407 392//408
f 395//412 394//411 402//417
f 404//301 399//415 403//299
f 389//406 287//398 388//397
f 383//407 376//383 382//400
f 382//400 376//383 375//399
f 402//417 394//411 400//413
f 387//401 388//397 381//393
f 387//401 381//393 386//392
f 384//404 385//396 379//395
f 384//404 379//395 383//407
f 383//407 379//395 378//419
f 383//407 378//419 377//385
f 383//407 377//385 376//383
f 394//411 393//409 400//413
f 5//7 405//9 398//414
f 400//413 392//408 399//415
f 287//398 288//420 381//393
f 386//392 289//391 380//388
f 378//419 379//395 370//386
f 378//419 370//386 377//385
f 374//394 375//399 366//382
f 289//391 373//390 380//388
f 376//383 377//385 368//377
f 376//383 367//376 375//399
f 381//393 288//420 289//391
f 379//395 380//388 371//387
f 379//395 371//387 370//386
f 375//399 367//376 366//382
f 374//394 366//382 358//11
f 289//391 290//421 373//390
f 371//387 363//422 370//386
f 370//386 363//422 369//384
f 373//390 290//421 291//380
f 371//387 372//389 364//374
f 371//387 364//374 363//422
f 367//376 359//372 366//382
f 366//382 300//316 358//11
f 373//390 291//380 372//389
f 372//389 291//380 365//379
f 372//389 365//379 364//374
f 363//422 362//373 369//384
f 369//384 362//373 361//378
f 369//384 361//378 368//377
f 368//377 360//313 367//376
f 364//374 406//327 363//422
f 362//373 296//322 361//378
f 365//379 293//375 364//374
f 361//378 297//326 360//313
f 365//379 292//381 293//375
f 363//422 406//327 295//323
f 363//422 295//323 362//373
f 361//378 296//322 297//326
f 304//342 357//370 303//335
f 303//335 357//370 302//332
f 307//320 530//423 407//360
f 307//320 407//360 350//368
f 349//366 408//357 348//362
f 305//341 355//369 304//342
f 355//369 351//361 304//342
f 304//342 351//361 357//370
f 302//332 356//371 301//317
f 350//368 342//354 349//366
f 345//365 346//350 338//349
f 345//365 338//349 344//347
f 336//346 335//359 343//358
f 352//367 349//366 355//369
f 350//368 407//360 342//354
f 349//366 342//354 408//357
f 348//362 408//357 340//352
f 348//362 340//352 347//351
f 355//369 348//362 351//361
f 342//354 324//353 341//356
f 336//346 337//345 335//359
f 354//364 353//363 356//371
f 341//356 410//424 340//352
f 351//361 346//350 354//364
f 341//356 412//425 410//424
f 340//352 410//424 339//348
f 338//349 411//426 337//345
f 324//353 412//425 341//356
f 338//349 339//348 413//427
f 337//345 334//428 335//359
f 353//363 343//358 356//371
f 338//349 413//427 411//426
f 337//345 414//429 334//428
f 354//364 344//347 353//363
f 324//353 325//430 412//425
f 412//425 415//431 410//424
f 410//424 416//432 339//348
f 413//427 417//433 411//426
f 412//425 326//434 415//431
f 410//424 415//431 416//432
f 339//348 416//432 413//427
f 337//345 411//426 333//435
f 337//345 333//435 414//429
f 412//425 325//430 326//434
f 353//363 336//346 343//358
f 415//431 418//436 416//432
f 417//433 332//437 411//426
f 418//436 419//438 416//432
f 416//432 419//438 413//427
f 411//426 332//437 333//435
f 409//1 2//4 343//358
f 326//434 327//439 415//431
f 415//431 327//439 418//436
f 418//436 327//439 420//440
f 418//436 420//440 419//438
f 419//438 421//441 413//427
f 413//427 421//441 417//433
f 417//433 331//442 332//437
f 417//433 421//441 331//442
f 421//441 419//438 422//443
f 421//441 330//444 331//442
f 420//440 328//445 419//438
f 419//438 423//446 422//443
f 419//438 328//445 423//446
f 421//441 422//443 330//444
f 422//443 329//447 330//444
f 422//443 423//446 329//447
f 426//448 330//444 329//447
f 1//2 409//1 487//449
f 424//450 332//437 331//442
f 428//451 330//444 426//448
f 487//449 409//1 335//359
f 487//449 335//359 485//452
f 485//452 335//359 334//428
f 486//453 334//428 414//429
f 425//454 424//450 331//442
f 425//454 331//442 330//444
f 427//283 426//448 329//447
f 485//452 334//428 486//453
f 486//453 414//429 333//435
f 425//454 330//444 428//451
f 424//450 486//453 333//435
f 424//450 333//435 332//437
f 431//455 439//456 440//457
f 448//458 450//271 251//269
f 480//459 437//279 438//460
f 433//461 441//462 442//463
f 429//464 436//465 437//279
f 479//466 442//463 443//467
f 481//3 443//467 3//5
f 436//465 444//278 437//279
f 435//282 257//280 436//465
f 440//457 445//468 441//462
f 489//469 255//276 446//275
f 488//470 490//471 448//458
f 447//274 449//273 490//471
f 490//471 450//271 448//458
f 449//273 450//271 490//471
f 4//6 475//472 461//473
f 492//474 452//266 457//265
f 475//472 458//475 461//473
f 4//6 461//473 453//476
f 458//475 457//265 459//261
f 457//265 462//263 459//261
f 460//477 465//478 454//479
f 460//477 463//259 465//478
f 456//254 466//480 495//481
f 495//481 466//480 467//482
f 456//254 470//252 466//480
f 495//481 467//482 468//483
f 468//483 276//305 469//309
f 467//482 274//304 275//312
f 243//250 244//249 471//251
f 244//249 273//247 274//304
f 274//304 466//480 471//251
f 454//479 473//484 461//473
f 461//473 473//484 453//476
f 453//476 278//300 474//8
f 453//476 474//8 4//6
f 278//300 279//10 474//8
f 4//6 3//5 477//485
f 478//486 443//467 476//487
f 477//485 3//5 478//486
f 476//487 443//467 434//488
f 478//486 3//5 443//467
f 442//463 479//466 433//461
f 441//462 433//461 432//489
f 429//464 425//454 428//451
f 433//461 483//490 485//452
f 482//491 486//453 424//450
f 484//492 485//452 486//453
f 483//490 1//2 487//449
f 427//283 435//282 426//448
f 426//448 435//282 436//465
f 429//464 428//451 436//465
f 436//465 428//451 426//448
f 487//449 485//452 483//490
f 480//459 425//454 429//464
f 425//454 480//459 424//450
f 424//450 480//459 482//491
f 482//491 431//455 486//453
f 486//453 431//455 484//492
f 436//465 257//280 444//278
f 1//2 483//490 481//3
f 440//457 439//456 445//468
f 441//462 488//470 442//463
f 441//462 445//468 488//470
f 429//464 437//279 480//459
f 438//460 489//469 430//493
f 430//493 489//469 439//456
f 480//459 438//460 430//493
f 480//459 430//493 482//491
f 482//491 430//493 431//455
f 431//455 440//457 484//492
f 484//492 440//457 432//489
f 484//492 432//489 433//461
f 484//492 433//461 485//452
f 438//460 437//279 255//276
f 438//460 255//276 489//469
f 442//463 434//488 443//467
f 439//456 447//274 445//468
f 431//455 430//493 439//456
f 483//490 433//461 479//466
f 439//456 489//469 447//274
f 488//470 448//458 442//463
f 442//463 448//458 434//488
f 441//462 432//489 440//457
f 483//490 479//466 481//3
f 481//3 479//466 443//467
f 445//468 447//274 490//471
f 489//469 446//275 447//274
f 445//468 490//471 488//470
f 448//458 251//269 434//488
f 251//269 451//267 476//487
f 477//485 475//472 4//6
f 434//488 251//269 476//487
f 476//487 491//494 478//486
f 491//494 452//266 492//474
f 477//485 457//265 475//472
f 478//486 491//494 492//474
f 478//486 492//474 477//485
f 476//487 451//267 491//494
f 492//474 457//265 477//485
f 451//267 452//266 491//494
f 457//265 458//475 475//472
f 459//261 460//477 458//475
f 458//475 460//477 461//473
f 459//261 463//259 460//477
f 460//477 454//479 461//473
f 463//259 464//257 465//478
f 454//479 465//478 496//495
f 464//257 493//256 465//478
f 493//256 455//496 465//478
f 455//496 493//256 246//255
f 455//496 246//255 494//497
f 494//497 246//255 456//254
f 495//481 494//497 456//254
f 465//478 455//496 496//495
f 496//495 455//496 494//497
f 497//498 494//497 495//481
f 496//495 494//497 497//498
f 497//498 495//481 468//483
f 498//499 496//495 497//498
f 469//309 497//498 468//483
f 454//479 496//495 498//499
f 473//484 454//479 498//499
f 277//311 498//499 497//498
f 277//311 497//498 469//309
f 453//476 473//484 499//500
f 499//500 473//484 472//501
f 499//500 472//501 277//311
f 278//300 499//500 277//311
f 473//484 498//499 472//501
f 472//501 498//499 277//311
f 453//476 499//500 278//300
f 470//252 471//251 466//480
f 468//483 467//482 276//305
f 466//480 274//304 467//482
f 467//482 275//312 276//305
f 471//251 244//249 274//304
f 500//502 250//268 501//503
f 501//503 250//268 252//270
f 502//504 503//505 582//506
f 582//506 503//505 504//507
f 509//508 508//509 507//510
f 599//511 530//423 306//321
f 306//321 530//423 307//320
f 502//504 517//512 503//505
f 502//504 518//513 517//512
f 520//514 518//513 521//515
f 586//516 516//517 525//518
f 590//519 328//445 420//440
f 590//519 420//440 327//439
f 306//321 321//344 532//520
f 532//520 531//521 509//508
f 321//344 320//343 532//520
f 535//522 508//509 531//521
f 319//340 533//523 320//343
f 533//523 319//340 536//524
f 533//523 536//524 539//525
f 533//523 539//525 534//526
f 319//340 537//527 536//524
f 311//329 537//527 313//333
f 536//524 538//528 539//525
f 540//529 542//530 538//528
f 540//529 311//329 541//531
f 540//529 541//531 542//530
f 601//532 544//533 292//381
f 292//381 291//380 290//421
f 292//381 290//421 545//534
f 600//535 545//534 546//536
f 572//537 557//538 548//539
f 548//539 557//538 549//540
f 549//540 557//538 605//541
f 549//540 605//541 550//542
f 549//540 550//542 551//543
f 551//543 550//542 604//544
f 551//543 604//544 552//545
f 552//545 604//544 603//546
f 552//545 603//546 553//547
f 311//329 294//328 541//531
f 294//328 293//375 541//531
f 544//533 293//375 292//381
f 546//536 545//534 554//548
f 546//536 554//548 547//549
f 547//549 554//548 572//537
f 290//421 289//391 545//534
f 545//534 289//391 555//550
f 289//391 288//420 555//550
f 555//550 288//420 556//551
f 288//420 558//552 556//551
f 558//552 288//420 287//398
f 389//406 559//553 560//554
f 389//406 560//554 287//398
f 287//398 560//554 558//552
f 559//553 389//406 286//418
f 561//555 286//418 285//302
f 561//555 285//302 562//556
f 570//557 571//558 569//559
f 569//559 571//558 572//537
f 571//558 547//549 572//537
f 547//549 573//560 546//536
f 573//560 574//561 546//536
f 602//562 577//563 575//564
f 575//564 577//563 578//565
f 577//563 579//566 578//565
f 583//567 506//568 507//510
f 583//567 505//569 506//568
f 583//567 504//507 505//569
f 504//507 583//567 582//506
f 320//343 533//523 532//520
f 531//521 534//526 535//522
f 534//526 539//525 580//570
f 534//526 580//570 535//522
f 528//571 584//572 585//573
f 528//571 585//573 527//574
f 527//574 585//573 586//516
f 527//574 586//516 526//575
f 526//575 586//516 525//518
f 423//446 529//576 329//447
f 584//572 528//571 529//576
f 587//577 529//576 423//446
f 587//577 584//572 529//576
f 328//445 587//577 423//446
f 584//572 588//578 589//579
f 584//572 589//579 585//573
f 585//573 589//579 515//580
f 585//573 515//580 586//516
f 586//516 515//580 516//517
f 588//578 584//572 587//577
f 588//578 587//577 590//519
f 590//519 587//577 328//445
f 589//579 588//578 514//581
f 589//579 514//581 515//580
f 588//578 591//582 514//581
f 592//583 588//578 590//519
f 592//583 590//519 327//439
f 591//582 588//578 592//583
f 591//582 592//583 513//584
f 513//584 593//585 594//586
f 594//586 593//585 512//587
f 593//585 592//583 327//439
f 593//585 327//439 326//434
f 513//584 594//586 595//588
f 523//589 595//588 522//590
f 594//586 512//587 520//514
f 594//586 520//514 595//588
f 595//588 520//514 521//515
f 595//588 521//515 522//590
f 512//587 517//512 520//514
f 520//514 517//512 518//513
f 591//582 596//591 514//581
f 596//591 595//588 523//589
f 515//580 514//581 516//517
f 591//582 513//584 595//588
f 591//582 595//588 596//591
f 524//592 596//591 523//589
f 514//581 524//592 516//517
f 514//581 596//591 524//592
f 513//584 592//583 593//585
f 512//587 325//430 519//593
f 503//505 517//512 519//593
f 503//505 519//593 510//594
f 505//569 504//507 597//595
f 593//585 325//430 512//587
f 512//587 519//593 517//512
f 504//507 503//505 510//594
f 598//596 510//594 511//355
f 598//596 511//355 407//360
f 325//430 593//585 326//434
f 507//510 506//568 509//508
f 504//507 510//594 598//596
f 530//423 598//596 407//360
f 504//507 598//596 597//595
f 505//569 599//511 506//568
f 325//430 324//353 519//593
f 511//355 510//594 519//593
f 511//355 519//593 324//353
f 505//569 597//595 599//511
f 597//595 598//596 530//423
f 599//511 597//595 530//423
f 509//508 506//568 532//520
f 506//568 599//511 532//520
f 508//509 509//508 531//521
f 532//520 599//511 306//321
f 532//520 533//523 531//521
f 531//521 533//523 534//526
f 313//333 537//527 319//340
f 537//527 538//528 536//524
f 537//527 311//329 540//529
f 538//528 537//527 540//529
f 539//525 538//528 543//597
f 539//525 543//597 581//598
f 580//570 539//525 581//598
f 538//528 542//530 543//597
f 542//530 578//565 543//597
f 541//531 293//375 544//533
f 541//531 576//599 578//565
f 576//599 541//531 544//533
f 578//565 542//530 541//531
f 600//535 292//381 545//534
f 601//532 292//381 600//535
f 574//561 600//535 546//536
f 601//532 600//535 574//561
f 602//562 601//532 574//561
f 575//564 601//532 602//562
f 543//597 578//565 579//566
f 576//599 544//533 601//532
f 575//564 578//565 576//599
f 579//566 581//598 543//597
f 554//548 555//550 556//551
f 554//548 556//551 557//538
f 575//564 576//599 601//532
f 561//555 562//556 603//546
f 603//546 562//556 563//600
f 603//546 563//600 553//547
f 559//553 286//418 561//555
f 559//553 561//555 604//544
f 604//544 561//555 603//546
f 560//554 559//553 604//544
f 560//554 604//544 550//542
f 558//552 560//554 605//541
f 605//541 560//554 550//542
f 554//548 545//534 555//550
f 556//551 558//552 605//541
f 557//538 556//551 605//541
f 572//537 554//548 557//538
f 552//545 553//547 564//601
f 552//545 564//601 565//602
f 566//603 552//545 565//602
f 551//543 552//545 566//603
f 567//604 551//543 566//603
f 549//540 551//543 567//604
f 568//605 549//540 567//604
f 548//539 549//540 568//605
f 572//537 548//539 569//559
f 569//559 548//539 568//605
f 501//503 264//290 606//606
f 606//606 264//290 265//291
f 252//270 264//290 501//503
f 606//606 265//291 247//260
f 607//607 817//608 608//609
f 608//609 817//608 609//610
f 608//609 609//610 610//611
f 817//608 611//612 609//610
f 608//609 610//611 612//613
f 608//609 612//613 613//614
f 613//614 612//613 614//615
f 615//612 616//616 765//617
f 765//617 616//616 617//618
f 616//616 618//619 617//618
f 617//618 618//619 619//620
f 617//618 619//620 620//621
f 617//618 621//622 765//617
f 622//623 624//624 623//625
f 623//625 624//624 625//626
f 623//625 625//626 626//627
f 624//624 627//628 625//626
f 627//628 624//624 628//629
f 628//629 624//624 629//630
f 628//629 629//630 630//631
f 631//627 632//625 633//626
f 633//626 632//625 634//632
f 633//626 634//632 635//633
f 635//633 634//632 636//634
f 636//634 634//632 637//635
f 638//636 634//632 632//625
f 639//637 640//638 641//639
f 641//639 640//638 642//640
f 640//638 643//641 642//640
f 641//639 642//640 644//642
f 641//639 644//642 645//643
f 645//643 644//642 646//644
f 647//623 649//624 648//625
f 648//625 649//624 650//645
f 648//625 650//645 651//627
f 649//624 652//646 650//645
f 652//646 649//624 653//647
f 652//646 653//647 654//648
f 656//649 655//650 657//651
f 656//649 657//651 522//590
f 522//590 657//651 523//589
f 523//589 657//651 658//652
f 523//589 658//652 524//592
f 524//592 658//652 659//653
f 524//592 659//653 516//517
f 516//517 659//653 660//654
f 516//517 660//654 525//518
f 525//518 660//654 526//575
f 526//575 660//654 775//655
f 775//655 660//654 661//656
f 662//657 650//645 663//658
f 662//657 663//658 664//659
f 664//659 663//658 665//660
f 664//659 665//660 666//661
f 666//661 665//660 667//662
f 666//661 667//662 668//663
f 668//663 667//662 32//44
f 668//663 32//44 669//664
f 669//664 32//44 670//665
f 670//665 32//44 671//666
f 671//666 32//44 33//46
f 671//666 33//46 672//667
f 672//667 33//46 673//668
f 673//668 33//46 34//45
f 32//44 667//662 30//42
f 30//42 667//662 674//669
f 30//42 674//669 175//49
f 175//49 675//670 676//671
f 175//49 674//669 675//670
f 675//670 674//669 677//672
f 675//670 677//672 678//673
f 678//673 677//672 679//674
f 679//674 680//675 678//673
f 680//675 679//674 681//676
f 682//677 679//674 683//678
f 683//678 679//674 684//679
f 683//678 684//679 685//680
f 685//680 684//679 686//681
f 685//680 686//681 687//682
f 687//682 686//681 647//623
f 679//674 682//677 681//676
f 680//675 681//676 688//683
f 680//675 688//683 689//684
f 689//684 688//683 690//685
f 689//684 690//685 691//686
f 689//684 691//686 625//626
f 676//671 675//670 693//687
f 693//687 675//670 692//688
f 693//687 692//688 701//689
f 694//677 692//688 695//678
f 695//678 692//688 696//679
f 695//678 696//679 697//680
f 697//680 696//679 698//681
f 697//680 698//681 699//682
f 699//682 698//681 622//623
f 692//688 694//677 700//690
f 692//688 700//690 701//689
f 701//689 700//690 702//683
f 701//689 702//683 703//684
f 703//684 702//683 704//685
f 703//684 704//685 705//686
f 703//684 705//686 633//626
f 114//140 709//691 706//692
f 706//692 709//691 707//693
f 706//692 707//693 708//694
f 114//140 676//671 709//691
f 710//695 707//693 711//696
f 711//696 707//693 712//697
f 711//696 712//697 713//680
f 713//680 712//697 714//681
f 713//680 714//681 715//682
f 715//682 714//681 638//636
f 707//693 710//695 708//694
f 708//694 716//698 706//692
f 706//692 716//698 717//699
f 706//692 717//699 718//700
f 718//700 717//699 719//701
f 718//700 719//701 720//702
f 720//702 719//701 661//656
f 661//656 660//654 720//702
f 114//140 175//49 676//671
f 643//641 721//703 642//640
f 642//640 721//703 722//704
f 722//704 721//703 723//705
f 722//704 723//705 724//706
f 724//706 723//705 725//707
f 724//706 725//707 726//708
f 726//708 725//707 727//709
f 726//708 727//709 728//710
f 728//710 727//709 729//711
f 728//710 729//711 730//712
f 730//712 729//711 731//713
f 730//712 731//713 732//714
f 732//714 731//713 733//715
f 733//715 731//713 734//716
f 733//715 734//716 735//717
f 735//717 734//716 736//718
f 735//717 736//718 737//719
f 737//719 736//718 738//720
f 673//668 739//721 672//667
f 672//667 739//721 740//722
f 672//667 740//722 671//666
f 671//666 740//722 741//723
f 671//666 741//723 670//665
f 670//665 741//723 742//724
f 670//665 742//724 669//664
f 669//664 742//724 743//725
f 669//664 743//725 668//663
f 668//663 743//725 666//661
f 666//661 743//725 744//726
f 666//661 744//726 745//727
f 666//661 745//727 664//659
f 664//659 745//727 746//728
f 664//659 746//728 662//657
f 662//657 746//728 747//729
f 662//657 747//729 650//645
f 650//645 747//729 651//627
f 749//730 748//731 750//732
f 750//732 748//731 751//733
f 750//732 751//733 752//734
f 752//734 751//733 753//735
f 752//734 753//735 754//736
f 754//736 753//735 755//737
f 754//736 755//737 756//738
f 756//738 755//737 757//739
f 756//738 757//739 758//740
f 758//740 757//739 759//741
f 758//740 759//741 760//742
f 760//742 759//741 761//743
f 760//742 761//743 762//744
f 762//744 761//743 763//745
f 762//744 763//745 764//746
f 764//746 763//745 765//617
f 764//746 765//617 621//622
f 638//636 632//625 766//747
f 638//636 766//747 715//682
f 715//682 766//747 767//748
f 715//682 767//748 713//680
f 713//680 767//748 768//749
f 713//680 768//749 711//696
f 711//696 768//749 769//750
f 711//696 769//750 770//751
f 711//696 770//751 710//695
f 710//695 770//751 771//752
f 710//695 771//752 708//694
f 708//694 771//752 772//753
f 708//694 772//753 716//698
f 716//698 772//753 717//699
f 717//699 772//753 773//754
f 717//699 773//754 719//701
f 719//701 773//754 774//755
f 719//701 774//755 775//655
f 719//701 775//655 661//656
f 611//612 776//756 609//610
f 609//610 776//756 777//757
f 777//757 776//756 778//758
f 777//757 778//758 779//706
f 779//706 778//758 780//759
f 779//706 780//759 781//760
f 781//760 780//759 782//761
f 781//760 782//761 783//762
f 783//762 782//761 784//763
f 783//762 784//763 785//764
f 785//764 784//763 786//765
f 785//764 786//765 787//766
f 787//766 786//765 788//767
f 788//767 786//765 789//768
f 788//767 789//768 790//769
f 790//769 789//768 791//770
f 790//769 791//770 639//637
f 639//637 791//770 640//638
f 647//623 648//625 792//747
f 647//623 792//747 687//682
f 687//682 792//747 793//748
f 687//682 793//748 685//680
f 685//680 793//748 794//771
f 685//680 794//771 683//678
f 683//678 794//771 795//772
f 683//678 795//772 682//677
f 682//677 795//772 796//773
f 682//677 796//773 681//676
f 681//676 796//773 797//774
f 681//676 797//774 688//683
f 688//683 797//774 798//775
f 688//683 798//775 690//685
f 690//685 798//775 799//728
f 690//685 799//728 691//686
f 691//686 799//728 800//729
f 691//686 800//729 625//626
f 625//626 800//729 626//627
f 615//612 801//756 616//616
f 616//616 801//756 802//757
f 802//757 801//756 803//758
f 802//757 803//758 804//706
f 804//706 803//758 805//776
f 804//706 805//776 806//777
f 806//777 805//776 807//778
f 806//777 807//778 808//779
f 808//779 807//778 809//780
f 808//779 809//780 810//781
f 810//781 809//780 811//782
f 810//781 811//782 812//783
f 812//783 811//782 813//784
f 812//783 813//784 814//785
f 814//785 813//784 815//745
f 814//785 815//745 816//786
f 816//786 815//745 817//608
f 816//786 817//608 607//607
f 622//623 623//625 818//747
f 622//623 818//747 699//682
f 699//682 818//747 819//748
f 699//682 819//748 697//680
f 697//680 819//748 820//771
f 697//680 820//771 695//678
f 695//678 820//771 821//787
f 695//678 821//787 694//677
f 694//677 821//787 822//788
f 694//677 822//788 700//690
f 700//690 822//788 823//789
f 700//690 823//789 702//683
f 702//683 823//789 824//790
f 702//683 824//790 704//685
f 704//685 824//790 825//728
f 704//685 825//728 705//686
f 705//686 825//728 826//729
f 705//686 826//729 633//626
f 633//626 826//729 631//627
f 827//791 828//792 569//559
f 828//792 570//557 569//559
f 569//559 829//793 827//791
f 829//793 569//559 568//605
f 829//793 568//605 830//794
f 830//794 568//605 567//604
f 830//794 567//604 831//795
f 831//795 567//604 566//603
f 831//795 566//603 832//796
f 832//796 566//603 565//602
f 832//796 565//602 749//730
f 749//730 565//602 748//731
f 834//797 835//798 894//799
f 894//799 835//798 895//800
f 836//801 847//802 837//803
f 837//803 838//804 147//171
f 147//171 838//804 152//175
f 68//197 69//121 839//805
f 839//805 840//806 841//807
f 842//808 841//807 843//809
f 834//797 833//810 845//811
f 834//797 845//811 846//812
f 836//801 846//812 847//802
f 847//802 848//813 838//804
f 152//175 838//804 156//178
f 846//812 849//814 847//802
f 838//804 848//813 156//178
f 847//802 849//814 848//813
f 848//813 850//815 156//178
f 156//178 852//816 159//180
f 849//814 851//817 848//813
f 848//813 851//817 850//815
f 850//815 852//816 156//178
f 852//816 853//818 159//180
f 850//815 851//817 854//819
f 159//180 853//818 160//182
f 850//815 854//819 852//816
f 852//816 855//820 853//818
f 854//819 855//820 852//816
f 855//820 856//821 853//818
f 853//818 856//821 857//822
f 853//818 857//822 160//182
f 160//182 857//822 69//121
f 69//121 857//822 839//805
f 854//819 858//823 855//820
f 855//820 858//823 856//821
f 857//822 840//806 839//805
f 856//821 859//824 857//822
f 857//822 859//824 840//806
f 856//821 858//823 859//824
f 858//823 860//825 859//824
f 859//824 860//825 840//806
f 840//806 860//825 843//809
f 840//806 843//809 841//807
f 862//826 863//827 864//828
f 865//829 870//830 866//831
f 864//828 863//827 869//832
f 869//832 870//830 865//829
f 871//833 827//791 829//793
f 871//833 829//793 872//834
f 873//835 874//836 875//837
f 875//837 876//838 171//192
f 171//192 876//838 172//193
f 872//834 877//839 873//835
f 873//835 878//840 874//836
f 875//837 874//836 876//838
f 872//834 829//793 877//839
f 873//835 877//839 878//840
f 874//836 879//841 876//838
f 876//838 880//842 172//193
f 172//193 880//842 44//76
f 876//838 879//841 880//842
f 829//793 830//794 877//839
f 878//840 881//843 874//836
f 877//839 830//794 878//840
f 879//841 867//844 880//842
f 881//843 882//845 874//836
f 874//836 882//845 879//841
f 830//794 831//795 878//840
f 878//840 831//795 881//843
f 881//843 831//795 882//845
f 882//845 868//846 879//841
f 879//841 868//846 867//844
f 831//795 832//796 882//845
f 882//845 832//796 868//846
f 170//191 166//187 902//847
f 902//847 166//187 866//831
f 866//831 883//848 865//829
f 865//829 883//848 864//828
f 864//828 884//849 862//826
f 862//826 884//849 861//850
f 166//187 162//183 866//831
f 866//831 162//183 883//848
f 864//828 883//848 884//849
f 162//183 63//98 883//848
f 836//801 835//798 834//797
f 836//801 837//803 885//851
f 837//803 147//171 109//134
f 837//803 109//134 885//851
f 836//801 885//851 835//798
f 888//852 887//853 889//854
f 111//154 889//854 890//855
f 720//702 660//654 886//856
f 886//856 891//857 887//853
f 887//853 892//858 889//854
f 111//154 890//855 122//143
f 887//853 891//857 892//858
f 886//856 660//654 659//653
f 886//856 659//653 891//857
f 890//855 895//800 122//143
f 122//143 895//800 110//142
f 892//858 893//859 889//854
f 892//858 891//857 893//859
f 889//854 893//859 894//799
f 889//854 894//799 890//855
f 890//855 894//799 895//800
f 659//653 658//652 891//857
f 891//857 658//652 893//859
f 893//859 896//860 894//799
f 658//652 896//860 893//859
f 896//860 833//810 894//799
f 894//799 833//810 834//797
f 658//652 657//651 896//860
f 896//860 657//651 833//810
f 657//651 655//650 833//810
f 110//142 895//800 885//851
f 110//142 885//851 109//134
f 895//800 835//798 885//851
f 834//797 846//812 836//801
f 837//803 847//802 838//804
f 842//808 843//809 844//861
f 68//197 839//805 67//113
f 67//113 839//805 897//862
f 67//113 897//862 898//863
f 67//113 898//863 66//104
f 897//862 839//805 841//807
f 898//863 841//807 842//808
f 899//864 842//808 844//861
f 899//864 844//861 861//850
f 899//864 861//850 900//865
f 900//865 861//850 884//849
f 897//862 841//807 898//863
f 898//863 899//864 66//104
f 66//104 899//864 65//103
f 898//863 842//808 899//864
f 65//103 899//864 900//865
f 901//866 65//103 900//865
f 901//866 900//865 884//849
f 901//866 884//849 883//848
f 64//99 65//103 901//866
f 63//98 64//99 901//866
f 63//98 901//866 883//848
f 864//828 869//832 865//829
f 869//832 871//833 870//830
f 871//833 872//834 870//830
f 870//830 902//847 866//831
f 872//834 873//835 870//830
f 870//830 873//835 902//847
f 873//835 875//837 902//847
f 902//847 875//837 170//191
f 171//192 170//191 875//837
f 886//856 718//700 720//702
f 111//154 112//155 889//854
f 889//854 112//155 888//852
f 887//853 888//852 903//867
f 887//853 903//867 886//856
f 886//856 903//867 718//700
f 112//155 904//868 888//852
f 112//155 113//138 904//868
f 888//852 904//868 903//867
f 903//867 706//692 718//700
f 903//867 904//868 706//692
f 904//868 114//140 706//692
f 113//138 114//140 904//868
f 905//869 833//810 655//650
f 905//869 655//650 656//649
f 869//832 547//549 871//833
f 871//833 547//549 571//558
f 547//549 869//832 863//827
f 547//549 863//827 573//560
f 573//560 863//827 862//826
f 573//560 862//826 574//561
f 871//833 571//558 906//870
f 906//870 571//558 828//792
f 828//792 571//558 570//557
f 827//791 906//870 828//792
f 871//833 906//870 827//791
f 574//561 862//826 861//850
f 574//561 861//850 602//562
f 602//562 861//850 577//563
f 577//563 861//850 844//861
f 577//563 844//861 579//566
f 579//566 844//861 843//809
f 579//566 843//809 581//598
f 581//598 843//809 860//825
f 581//598 860//825 580//570
f 580//570 860//825 535//522
f 535//522 860//825 858//823
f 535//522 858//823 508//509
f 508//509 858//823 507//510
f 507//510 858//823 854//819
f 507//510 854//819 583//567
f 583//567 854//819 851//817
f 583//567 851//817 582//506
f 582//506 851//817 849//814
f 582//506 849//814 502//504
f 502//504 849//814 846//812
f 502//504 846//812 845//811
f 502//504 845//811 518//513
f 518//513 845//811 833//810
f 518//513 833//810 521//515
f 521//515 833//810 905//869
f 521//515 905//869 656//649
f 521//515 656//649 522//590
f 907//871 7//13 272//298
f 272//298 7//13 238//292
f 238//292 7//13 6//12
f 238//292 6//12 237//243
f 237//243 6//12 738//720
f 738//720 6//12 737//719
f 908//872 267//293 35//47
f 35//47 267//293 261//287
f 35//47 261//287 34//45
f 34//45 261//287 260//288
f 34//45 260//288 739//721
f 739//721 673//668 34//45
f 7//13 907//871 909//873
f 7//13 909//873 10//18
f 10//18 909//873 14//17
f 14//17 909//873 910//874
f 14//17 910//874 15//25
f 15//25 910//874 23//34
f 15//25 23//34 19//28
f 19//28 23//34 20//30
f 911//875 23//34 910//874
f 911//875 28//41 25//37
f 28//41 911//875 912//876
f 28//41 912//876 31//43
f 31//43 912//876 908//872
f 31//43 908//872 35//47
f 25//37 23//34 911//875
f 907//871 272//298 909//873
f 909//873 272//298 271//297
f 909//873 271//297 270//296
f 909//873 270//296 910//874
f 910//874 270//296 269//295
f 910//874 269//295 911//875
f 911//875 269//295 268//294
f 911//875 268//294 912//876
f 912//876 268//294 908//872
f 908//872 268//294 267//293
f 714//681 712//697 638//636
f 712//697 707//693 634//632
f 634//632 709//691 637//635
f 637//635 676//671 636//634
f 636//634 693//687 701//689
f 636//634 701//689 635//633
f 635//633 701//689 703//684
f 634//632 707//693 709//691
f 637//635 709//691 676//671
f 676//671 693//687 636//634
f 635//633 703//684 633//626
f 634//632 638//636 712//697
f 698//681 696//679 622//623
f 696//679 692//688 624//624
f 624//624 692//688 629//630
f 628//629 678//673 680//675
f 628//629 680//675 627//628
f 627//628 680//675 689//684
f 629//630 692//688 675//670
f 629//630 675//670 630//631
f 630//631 675//670 628//629
f 675//670 678//673 628//629
f 627//628 689//684 625//626
f 624//624 622//623 696//679
f 686//681 684//679 647//623
f 684//679 679//674 649//624
f 649//624 679//674 653//647
f 654//648 667//662 652//646
f 652//646 667//662 665//660
f 653//647 679//674 677//672
f 653//647 677//672 654//648
f 654//648 677//672 674//669
f 654//648 674//669 667//662
f 652//646 665//660 650//645
f 650//645 665//660 663//658
f 649//624 647//623 684//679
f 329//447 529//576 427//283
f 529//576 528//571 771//752
f 771//752 528//571 772//753
f 772//753 528//571 773//754
f 773//754 528//571 774//755
f 774//755 528//571 527//574
f 774//755 527//574 775//655
f 775//655 527//574 526//575
f 529//576 771//752 770//751
f 769//750 823//789 770//751
f 770//751 823//789 822//788
f 823//789 769//750 824//790
f 824//790 769//750 768//749
f 767//748 824//790 768//749
f 824//790 767//748 825//728
f 825//728 767//748 766//747
f 766//747 826//729 825//728
f 632//625 826//729 766//747
f 632//625 631//627 826//729
f 770//751 822//788 529//576
f 529//576 822//788 796//773
f 529//576 796//773 258//284
f 529//576 258//284 427//283
f 796//773 822//788 821//787
f 821//787 797//774 796//773
f 797//774 821//787 798//775
f 798//775 821//787 820//771
f 819//748 798//775 820//771
f 798//775 819//748 799//728
f 799//728 819//748 818//747
f 818//747 800//729 799//728
f 623//625 800//729 818//747
f 623//625 626//627 800//729
f 795//772 744//726 743//725
f 744//726 795//772 745//727
f 745//727 795//772 794//771
f 793//748 745//727 794//771
f 745//727 793//748 746//728
f 746//728 793//748 792//747
f 792//747 747//729 746//728
f 648//625 747//729 792//747
f 648//625 651//627 747//729
f 795//772 743//725 796//773
f 796//773 743//725 258//284
f 258//284 743//725 742//724
f 258//284 742//724 259//286
f 259//286 742//724 741//723
f 259//286 741//723 740//722
f 259//286 740//722 260//288
f 260//288 740//722 739//721
f 616//616 913//877 618//619
f 913//877 914//878 618//619
f 618//619 914//878 619//620
f 620//621 916//879 617//618
f 617//618 916//879 917//880
f 619//620 914//878 918//881
f 619//620 918//881 620//621
f 620//621 918//881 915//882
f 620//621 915//882 916//879
f 617//618 917//880 621//622
f 621//622 917//880 919//883
f 609//610 920//877 610//611
f 920//877 921//884 610//611
f 610//611 921//884 612//613
f 613//614 923//885 608//609
f 608//609 923//885 924//886
f 612//613 921//884 925//887
f 612//613 925//887 614//615
f 614//615 925//887 922//888
f 614//615 922//888 613//614
f 613//614 922//888 923//885
f 608//609 924//886 607//607
f 790//769 639//637 926//889
f 790//769 926//889 788//767
f 788//767 926//889 787//766
f 787//766 926//889 927//890
f 787//766 927//890 785//764
f 927//890 928//891 921//884
f 925//887 928//891 929//892
f 11//20 930//893 9//19
f 11//20 929//892 930//893
f 9//19 930//893 730//712
f 730//712 930//893 931//894
f 730//712 931//894 728//710
f 728//710 931//894 726//708
f 726//708 931//894 932//895
f 726//708 932//895 724//706
f 724//706 932//895 722//704
f 722//704 932//895 642//640
f 9//19 730//712 732//714
f 9//19 732//714 733//715
f 9//19 733//715 8//14
f 8//14 733//715 735//717
f 735//717 737//719 8//14
f 8//14 737//719 6//12
f 929//892 11//20 922//888
f 922//888 11//20 44//76
f 915//882 44//76 880//842
f 916//879 880//842 758//740
f 758//740 880//842 756//738
f 756//738 880//842 754//736
f 754//736 880//842 867//844
f 754//736 867//844 752//734
f 752//734 867//844 868//846
f 752//734 868//846 750//732
f 750//732 868//846 832//796
f 750//732 832//796 749//730
f 916//879 758//740 760//742
f 916//879 760//742 917//880
f 917//880 760//742 762//744
f 917//880 762//744 919//883
f 919//883 762//744 764//746
f 919//883 764//746 621//622
f 880//842 916//879 915//882
f 44//76 915//882 922//888
f 922//888 915//882 918//881
f 922//888 918//881 923//885
f 918//881 914//878 923//885
f 923//885 914//878 810//781
f 810//781 914//878 808//779
f 808//779 914//878 806//777
f 806//777 914//878 913//877
f 806//777 913//877 804//706
f 804//706 913//877 802//757
f 802//757 913//877 616//616
f 810//781 812//783 923//885
f 923//885 812//783 924//886
f 924//886 812//783 814//785
f 924//886 814//785 816//786
f 924//886 816//786 607//607
f 929//892 922//888 925//887
f 925//887 921//884 928//891
f 927//890 921//884 785//764
f 785//764 921//884 783//762
f 783//762 921//884 781//760
f 781//760 921//884 920//877
f 781//760 920//877 779//706
f 779//706 920//877 777//757
f 777//757 920//877 609//610
f 932//895 931//894 642//640
f 644//642 931//894 930//893
f 644//642 930//893 646//644
f 646//644 929//892 645//643
f 645//643 927//890 641//639
f 641//639 927//890 926//889
f 646//644 930//893 929//892
f 929//892 928//891 645//643
f 645//643 928//891 927//890
f 641//639 926//889 639//637
f 644//642 642//640 931//894
f 562//556 809//780 757//739
f 757//739 809//780 759//741
f 729//711 240//246 731//713
f 731//713 240//246 734//716
f 734//716 240//246 239//244
f 734//716 239//244 736//718
f 736//718 239//244 237//243
f 736//718 237//243 738//720
f 784//763 729//711 727//709
f 784//763 727//709 786//765
f 725//707 786//765 727//709
f 725//707 789//768 786//765
f 789//768 725//707 723//705
f 723//705 791//770 789//768
f 723//705 721//703 791//770
f 791//770 721//703 640//638
f 640//638 721//703 643//641
f 811//782 784//763 782//761
f 780//759 813//784 782//761
f 782//761 813//784 811//782
f 813//784 780//759 778//758
f 778//758 815//745 813//784
f 778//758 776//756 815//745
f 815//745 776//756 817//608
f 817//608 776//756 611//612
f 811//782 809//780 784//763
f 759//741 809//780 807//778
f 805//776 761//743 807//778
f 807//778 761//743 759//741
f 761//743 805//776 803//758
f 803//758 763//745 761//743
f 803//758 801//756 763//745
f 763//745 801//756 765//617
f 765//617 801//756 615//612
f 562//556 757//739 563//600
f 757//739 755//737 563//600
f 563//600 755//737 753//735
f 563//600 753//735 553//547
f 553//547 753//735 751//733
f 553//547 751//733 564//601
f 564//601 751//733 748//731
f 564//601 748//731 565//602
f 285//302 273//247 562//556
f 562//556 273//247 240//246
f 562//556 240//246 729//711
f 784//763 562//556 729//711
f 809//780 562//556 784//763
f 933//896 606//606 248//262
f 248//262 606//606 247//260
f 933//896 249//264 500//502
f 933//896 248//262 249//264
f 249//264 250//268 500//502
f 933//896 500//502 606//606
f 606//606 500//502 501//503
g Toy_sub_bottom_Toy_sub_bottom
v 34.551411 1.983009 5.754511
v 36.324612 1.979786 1.217895
v 36.104923 1.996600 -2.358772
v 34.522072 1.978893 -5.817562
v 28.359758 2.016154 -9.881846
v 28.208832 -0.000001 -9.897703
v 32.791363 -0.000032 -7.822232
v 32.340973 1.332221 -8.083810
v 34.850620 0.563556 -5.332299
v 35.761311 0.000081 -3.585554
v 36.430023 0.597831 -1.005338
v 36.378250 0.000058 0.178023
v 35.473366 0.000122 4.353209
v 35.376019 0.566958 4.493735
v 32.733150 1.224946 7.768844
v 32.282593 -0.000062 8.140753
v 28.726183 2.001344 9.817275
v 28.271090 0.000004 9.890016
v -5.047096 2.000000 1.618746
v -24.316263 2.000000 1.350874
v -23.021471 2.000000 4.878712
v -6.711711 2.000000 5.575333
v -20.786686 2.000000 7.557393
v -9.864858 2.000000 8.487925
v -17.703396 2.000000 9.189270
v -14.255462 2.000000 9.719737
v -5.269440 2.000000 -2.400221
v -24.091513 2.000000 -2.132744
v -22.523891 2.000000 -5.847387
v -7.155272 2.000000 -6.258687
v -18.234863 2.000000 -9.070611
v -10.852022 2.000000 -8.931267
v -14.256910 2.000000 -9.685032
v -25.616486 2.000000 -1.881292
v -44.874199 2.000000 0.540641
v -25.690615 2.000000 2.141783
v -43.461617 2.000000 5.158299
v -27.502680 2.000000 6.033054
v -40.170849 2.000000 8.317329
v -31.823879 2.000000 9.213022
v -36.639946 2.000000 9.596301
v -43.783226 2.000000 -4.715138
v -27.211714 2.000000 -5.575338
v -30.591652 2.000000 -8.638773
v -40.170849 2.000000 -8.317329
v -35.839745 2.000000 -9.749207
v 15.097483 2.000000 -3.208774
v -3.889232 2.000000 -0.000000
v 15.413778 2.000000 1.612168
v -2.735462 2.000000 4.689021
v 13.386543 2.000000 6.293542
v 1.257424 2.000000 8.661750
v 9.636289 2.000000 8.903873
v 6.244538 2.000000 9.719737
v -3.215484 2.000000 -3.422811
v -1.456479 2.000000 -6.435393
v 12.362649 2.000000 -7.191501
v 3.010787 2.000000 -9.411486
v 8.644697 2.000000 -9.336812
v -44.541061 2.007302 5.806426
v -56.267464 2.009371 5.805270
v -46.007355 2.000001 2.282269
v -60.681934 2.065975 3.068803
v -45.981590 2.000001 -2.370761
v -57.510281 1.997666 -5.497552
v -60.656471 1.998795 -1.966680
v -44.541061 2.007302 -5.806424
v -59.237560 2.050575 4.602796
v 16.659519 2.000001 -2.370746
v 15.052770 2.071235 -6.118095
v 16.753298 2.000001 1.711388
v 15.342953 1.981291 5.688321
v -57.221195 2.006033 9.788787
v -58.730461 1.994812 -9.209734
v -56.911690 2.004778 -9.883490
v -56.955616 -0.000007 9.831310
v -61.688587 0.000035 7.318077
v -60.508034 1.930259 8.177538
v -63.067509 1.878351 5.534594
v -64.309486 -0.000000 2.905083
v -64.722076 1.879719 1.034679
v -64.657936 -0.000000 -1.074637
v -64.482552 1.838245 -2.083660
v -63.202789 -0.000049 -5.437855
v -61.575291 1.943411 -7.280135
v -60.297207 -0.000010 -8.292924
v -56.894718 -0.000008 -9.851032
v -56.257694 4.305202 -14.084044
v -58.791176 5.803766 -15.668117
v -59.886501 8.457082 -18.204447
v -60.726692 12.333808 -20.937695
v -62.793072 15.609979 -21.987387
v -57.468063 17.107986 -23.692072
v -61.001118 21.309853 -24.112360
v -64.085899 21.335882 -23.159523
v -61.306232 24.998596 -24.321423
v -67.670914 24.999121 -21.739553
v -71.347191 24.809603 -19.081974
v -72.624817 22.021437 -17.668884
v -74.150696 21.050755 -15.801173
v -76.681366 20.999897 -12.185385
v -78.181732 17.754492 -6.685135
v -79.445152 20.997433 -4.591087
v -78.260910 20.977116 -8.864651
v -76.743431 17.205034 -9.999949
v -63.347885 9.461948 -17.845610
v -62.592564 3.294780 -10.078808
v -60.046043 3.414625 -11.741450
v -62.127258 6.080814 -14.874415
v -63.112362 1.872398 -5.448797
v -70.265198 5.450386 4.091070
v -72.119682 7.963141 7.069989
v -73.940804 9.461839 5.751605
v -75.944565 12.576271 6.374584
v -77.144264 16.311634 8.279602
v -67.459732 11.871647 17.443941
v -60.221378 12.245543 20.985006
v -56.283680 10.832952 20.608265
v -65.645355 2.666646 4.310771
v -74.046585 11.045848 8.689335
v -75.160507 14.042705 10.372765
v -68.052490 4.536649 6.650437
v -66.743362 5.172326 10.004973
v -70.027397 7.768373 10.540567
v -71.785469 10.907071 12.366735
v -73.983253 14.296655 12.592826
v -64.840981 8.330011 15.977036
v -64.401070 11.065828 18.673067
v -57.443501 3.671999 12.989840
v -57.319714 5.548283 15.688431
v -61.845226 6.602909 15.650211
v -59.441048 8.915902 18.747715
v -56.193176 8.167641 18.499067
v -56.198582 14.038295 22.478424
v -56.204220 16.957930 23.686029
v -56.755356 20.640030 24.624578
v -57.674091 24.997381 24.958475
v -64.095673 24.987448 23.458687
v -71.396515 24.981770 19.078112
v -70.098228 21.819084 19.896711
v -66.079056 19.330156 21.865047
v -65.470955 16.476501 21.168053
v -62.614559 14.792050 21.668072
v -72.368271 22.310871 17.950863
v -72.703056 18.371866 16.632355
v -74.187019 21.025354 15.808537
v -73.340454 16.439606 14.969909
v -77.301239 20.993793 11.050310
v -75.932030 18.118963 12.193296
v -78.095520 18.910025 7.987288
v -79.321815 20.995344 5.290124
v -67.792015 3.368959 0.990205
v -79.859489 20.999687 0.051804
v -77.214233 13.981734 4.429586
v -75.234154 10.278175 2.759990
v -79.438080 19.031826 1.476522
v -72.747032 7.198175 1.604920
v -71.221153 5.756323 0.437474
v -73.958427 9.013809 -4.497246
v -66.278755 3.340749 -5.880995
v -79.286049 18.375387 -1.397743
v -77.998802 15.395550 -3.638969
v -70.185173 6.205114 -7.039949
v -66.676346 4.988834 -9.807395
v -77.088188 13.941634 -5.078817
v -76.018509 14.126410 -8.614596
v -73.266457 11.506654 -10.899930
v -68.956841 7.696898 -11.768316
v -65.306816 6.193150 -13.049936
v -65.866264 8.373489 -15.420964
v -57.086327 21.103922 -24.701105
v -56.555424 10.965786 -20.723064
v -56.234337 14.804733 -22.839664
v -56.101944 7.326015 -17.713823
v -56.106937 24.997307 -25.015574
v -74.936287 11.362190 -7.117601
v -72.652885 9.290624 -8.599433
v -68.295258 3.940766 -3.320440
v -77.514206 13.659548 0.179131
v -71.635590 6.483620 -3.684877
v -75.602631 10.514474 -0.939156
v -78.612206 16.832050 3.421989
v -65.680428 6.455959 13.148005
v -63.139565 3.824380 10.848332
v -68.452980 10.143561 15.197203
v -59.674839 14.414985 22.247587
v -60.551559 19.118538 23.788004
v -60.031204 23.045902 24.488770
v -70.792015 13.962176 16.187798
v -67.493034 14.924261 19.337629
v -66.754913 23.219851 22.114376
v -69.894951 17.671343 18.875864
v -70.142105 10.193169 -13.577043
v -78.904839 18.254662 -4.125836
v -65.280281 12.394457 -19.127935
v -66.532753 16.981628 -20.883326
v -68.969711 22.525110 -20.805460
v -68.692848 12.397420 -16.954899
v -70.196335 19.163076 -19.198072
v -70.831100 15.817514 -17.242758
v -72.919281 14.210654 -13.999662
v -73.272629 18.527716 -16.040590
v -74.567795 15.985465 -13.054029
v -75.959198 18.927164 -12.557912
v 34.815712 14.795135 22.893938
v -18.928593 17.977644 23.997467
v 34.878372 2.683537 11.334637
v 34.839565 1.084718 7.346523
v 34.866428 5.871585 16.194199
v 34.839680 10.140938 20.161379
v -37.314968 18.012480 24.004139
v -2.517858 17.862183 23.962250
v 15.482109 17.862221 23.962029
v 34.833122 20.494823 24.638042
v 19.775347 19.105890 24.304064
v 22.093019 21.732327 24.797886
v 34.823162 24.993675 25.027058
v 22.909687 24.957098 25.019966
v 1.775213 19.105791 24.302982
v 11.194405 19.627974 24.429153
v 4.269284 22.025381 24.841890
v 9.396877 22.197577 24.847818
v 8.773654 24.915792 25.020363
v 4.867947 24.996214 25.009775
v -6.805605 19.627981 24.429155
v -15.681419 19.576134 24.408003
v -13.730715 22.025383 24.841890
v -8.603127 22.197590 24.847820
v -9.226346 24.915792 25.020363
v -13.132054 24.996214 25.009775
v -23.029165 18.532379 24.153244
v -34.224792 19.105787 24.302982
v -26.118694 21.107485 24.717178
v -31.730709 22.025394 24.841890
v -27.226345 24.915794 25.020363
v -31.132055 24.996214 25.009775
v -40.727680 18.372913 24.111692
v -44.118820 21.107685 24.718390
v -45.226627 24.917971 25.018572
v -61.268818 24.999922 22.965117
v -62.477028 21.485552 22.332329
v -65.824432 22.754370 21.119135
v -68.031952 20.091429 19.331141
v -69.379257 16.413500 16.979404
v -72.187965 17.302771 14.732680
v -72.787178 13.478900 10.996713
v -72.845039 10.840623 7.215729
v -67.936684 11.586857 -14.826096
v -63.070751 4.916563 9.988256
v -64.133270 8.326409 14.377680
v -64.099731 17.067932 20.574917
v -65.415749 3.973193 4.094537
v -68.933701 6.188345 4.569600
v -70.707451 7.359385 3.680507
v -60.845913 2.799909 -6.316835
v -63.536655 6.357246 -12.050771
v -56.939991 2.670125 -7.913995
v -57.068996 4.495255 -11.889121
v -61.084404 6.319753 -13.449351
v -63.325573 9.421305 -15.930842
v -59.944679 8.722012 -16.647181
v -56.106182 6.310016 -14.623120
v -56.296265 8.371354 -16.891918
v -65.205246 12.736514 -17.693222
v -56.623520 11.230280 -19.317753
v -58.576767 11.159160 -18.991714
v -60.392639 13.747446 -20.247690
v -62.487820 12.549621 -18.867754
v -55.382580 14.511167 -21.289608
v -56.137558 17.989452 -22.667458
v -59.743542 18.782473 -22.453465
v -61.383183 22.001282 -22.732464
v -64.648300 22.049063 -21.570105
v -67.575737 24.992950 -20.268959
v -70.127075 22.756329 -18.292381
v -71.782478 15.777540 -14.269549
v -61.520546 25.002268 -22.937838
v -57.437813 22.211926 -23.496891
v -56.269268 24.999058 -23.694048
v -70.053825 24.969900 -18.758003
v -71.805756 21.205164 -16.495609
v -72.710724 19.818104 -15.112449
v -75.039780 21.000801 -12.375610
v -73.954826 17.546169 -12.460732
v -72.370766 15.154072 -13.035978
v -75.505768 18.246332 -10.237864
v -77.808647 20.999428 -6.139798
v -70.876144 10.939293 -10.892106
v -77.273155 19.130074 -6.389440
v -72.029564 13.098710 -11.714148
v -76.162727 15.739727 -6.195310
v -73.876762 11.729808 -6.141285
v -77.897148 18.784580 -2.740669
v -77.325577 16.440350 0.895236
v -75.235054 12.285784 0.558271
v -78.592499 20.992174 0.794601
v -75.340866 13.170175 4.026498
v -77.393036 20.996471 7.459286
v -77.562805 19.088934 5.306451
v -76.162415 15.895530 6.439457
v -75.055695 14.350409 7.375070
v -75.986855 19.121862 9.784635
v -74.250343 16.283434 11.182718
v -74.726089 20.995481 12.859419
v -72.692039 21.015898 15.470406
v -71.272285 21.607040 17.140165
v -70.149376 22.804932 18.294294
v -70.109169 24.901844 18.951525
v -67.079834 25.001526 20.571224
v -55.889214 24.997013 23.723558
v -57.527309 21.636881 23.428774
v -56.641582 17.294113 22.425213
v -56.198910 13.748822 20.889029
v -56.248802 10.633332 18.858759
v -56.356285 5.026135 12.808820
v -55.229839 3.228224 9.426551
v -68.533134 10.366995 -13.053875
v -59.589062 15.116961 -21.184294
v -63.134098 18.228079 -21.308588
v -66.377594 19.516779 -20.199051
v -69.483376 20.627743 -18.451729
v -58.790543 3.281357 8.941666
v -60.138401 5.876880 13.254098
v -56.726349 7.826148 16.348021
v -60.304386 11.230598 18.656576
v -59.626225 13.826893 20.472837
v -59.746792 18.347044 22.386124
v -68.951042 8.861643 -10.615346
v -65.350456 8.124205 -13.251062
v -66.381569 6.367050 -9.561211
v -69.648590 7.944450 -7.914481
v -72.307579 10.863418 -8.427471
v -64.967804 4.113181 -5.694813
v -63.020306 4.471128 -8.980865
v -68.269051 5.907802 -5.233088
v -71.232338 8.324370 -5.192808
v -73.109337 9.693130 -2.826063
v -71.058365 7.410423 -1.639861
v -67.285683 4.719532 -2.535142
v -62.921291 2.715055 -2.574351
v -68.106255 5.096831 0.881199
v -64.007858 2.949178 0.121001
v -73.156807 9.790753 3.273140
v -60.002781 4.240177 -10.435753
v -66.060013 10.414519 -15.205542
v -68.019913 13.680185 -16.413767
v -64.841896 16.039742 -19.746675
v -68.514809 18.129202 -18.385046
v -70.692924 17.659752 -16.368784
v -68.359222 15.306417 -17.192955
v -69.682213 12.981012 -14.417242
v -74.347206 14.755754 -9.500109
v -76.616562 15.196936 -2.669486
v -75.248474 12.713640 -2.972821
v -66.618423 15.857335 18.694784
v -70.261688 12.409739 13.356245
v -67.713028 13.327194 16.422663
v -67.219887 10.121082 14.026724
v -69.843391 9.726472 10.747766
v -69.308159 7.657403 7.918592
v -64.002846 11.847104 17.747343
v -67.083603 7.506951 10.771137
v -59.910236 9.071529 16.987564
v -66.160988 5.338923 7.478064
v -63.001751 3.598284 6.625834
v 78.539124 18.660587 -0.827260
v 34.594555 3.312015 -9.588228
v 34.561043 5.023900 -12.846872
v 34.577721 7.877163 -16.430384
v 78.539574 21.612858 -5.469116
v 34.584038 11.138112 -19.260836
v 34.647331 14.967614 -21.495462
v 34.600983 18.962727 -22.933718
v 34.627670 24.882635 -23.834274
v 78.540138 24.906116 -6.424134
v 78.539612 18.810839 1.672760
v 34.581657 3.135733 9.193329
v 34.684399 5.344156 13.351796
v 78.539047 19.903204 3.837082
v 34.608658 9.035133 17.550903
v 34.574791 12.935484 20.466330
v 34.594891 16.796494 22.248817
v 34.552582 20.519857 23.319912
v 34.608372 24.995214 23.727961
v 78.539055 24.992374 6.387629
v 78.540474 21.915468 5.649613
v 78.539780 19.501947 -3.308549
v -42.484127 2.777255 -8.265230
v -38.187138 3.862378 -10.738092
v -11.167707 15.362561 -21.653088
v 5.990129 15.841171 -21.861990
v 8.372247 3.902405 -10.809562
v 7.370911 15.474822 -21.705305
v 8.445453 17.440104 -22.472761
v 14.811314 18.016747 -22.648746
v 12.328176 3.038751 -8.934552
v 17.610466 18.194183 -22.702980
v 20.337830 19.538815 -23.072798
v 22.488052 22.552835 -23.595020
v 22.845472 24.998985 -23.702042
v 11.182369 19.606857 -23.097546
v 8.977293 23.096487 -23.708035
v 8.901157 24.998234 -23.629047
v -9.675271 16.889265 -22.292683
v -3.188692 18.016748 -22.648668
v -0.389500 18.194193 -22.703098
v 5.094892 17.969339 -22.659199
v 2.338229 19.539164 -23.073036
v 4.706771 23.019634 -23.650406
v 4.851644 24.985073 -23.714315
v -6.817641 19.606865 -23.097548
v -9.022707 23.096489 -23.708036
v -9.098845 24.998234 -23.629045
v -29.264912 15.339132 -21.643681
v -12.559265 16.732256 -22.223429
v -27.470047 17.430435 -22.510565
v -19.288233 17.949804 -22.628609
v -13.160134 20.459560 -23.307495
v -15.661770 19.539164 -23.073036
v -13.662274 22.248755 -23.554008
v -13.148356 24.985073 -23.714315
v -23.077438 18.559214 -22.812363
v -25.481218 20.392290 -23.255411
v -27.066750 23.341986 -23.662560
v -27.098845 24.998234 -23.629047
v -30.610424 16.897852 -22.283245
v -39.188694 18.016748 -22.648628
v -36.389496 18.194195 -22.703098
v -31.160135 20.459551 -23.307493
v -33.661766 19.539165 -23.073036
v -31.662275 22.248753 -23.554008
v -31.148357 24.985073 -23.714315
v -42.817425 19.606663 -23.097347
v -44.892982 22.884617 -23.619783
v -45.167542 24.998987 -23.702038
v 14.958370 6.000001 -3.447405
v 12.186045 6.000001 -7.400186
v 7.857109 6.000001 -9.538097
v 3.299362 6.000001 -9.390857
v -0.711377 6.000001 -7.220890
v -3.260740 6.000001 -3.439936
v -3.855415 6.000001 0.810439
v -2.441629 6.000001 5.145872
v 1.269579 6.000001 8.638773
v 7.065219 6.000002 9.750432
v 12.186045 6.000001 7.400186
v 14.589099 6.000001 4.171127
v 15.514801 6.000001 0.808885
v -26.697824 6.000001 -4.938666
v -30.833565 6.000001 -8.762458
v -35.566612 6.000001 -9.719736
v -39.210114 6.000001 -8.807278
v -42.074318 6.000001 -6.817824
v -44.023754 6.000001 -3.926248
v -44.885471 6.000001 -0.270415
v -43.648819 6.000002 4.952999
v -39.478104 6.000001 8.741348
v -34.209057 6.000001 9.752443
v -29.696743 6.000001 8.026060
v -26.586615 6.000001 4.689025
v -25.432844 6.000001 -0.000001
v -5.747305 6.000001 -3.948872
v -8.339783 6.000001 -7.370067
v -12.373015 6.000001 -9.501192
v -17.200638 6.000001 -9.390857
v -20.994404 6.000001 -7.384189
v -23.919558 6.000001 -3.208775
v -24.032299 6.000002 2.958729
v -20.994404 6.000001 7.384188
v -16.422165 6.000002 9.639235
v -10.567956 6.000001 8.902983
v -6.869769 6.000001 5.794158
v -4.956761 6.000001 1.357737
v 34.812653 2.022371 -10.036354
v 34.838024 4.356505 -14.134787
v 34.812065 7.386218 -17.825649
v 34.863682 12.251948 -21.580439
v 34.882904 17.590036 -23.901670
v 18.342121 18.387505 -24.113306
v -36.760521 18.027807 -24.011206
v -41.533634 18.679790 -24.201622
v -44.415024 21.732195 -24.797848
v -45.231758 24.957098 -25.020027
v -20.333323 17.910446 -23.974770
v -23.580263 18.841936 -24.232924
v -33.545105 19.677525 -24.432478
v -26.171429 21.210991 -24.731413
v -31.755274 22.039118 -24.837397
v -27.226345 24.915794 -25.020363
v -31.112059 24.990047 -25.013538
v -2.664157 17.979202 -23.994770
v -5.431684 18.747576 -24.209398
v -16.209206 19.074617 -24.299860
v -8.171425 21.210981 -24.731411
v -13.755271 22.039124 -24.837399
v -9.226346 24.915792 -25.020363
v -13.112058 24.990047 -25.013538
v 0.342513 18.387678 -24.113621
v 15.335738 17.979227 -23.994335
v 12.568316 18.747576 -24.209398
v 3.810275 21.045162 -24.717173
v 9.828569 21.210993 -24.731413
v 8.773654 24.915792 -25.020363
v 4.887943 24.990046 -25.013538
v 20.813850 20.026072 -24.504843
v 34.835358 21.191362 -24.726690
v 22.523651 22.651892 -24.910028
v 34.842648 24.993124 -25.027023
v 22.843040 24.999678 -25.001974
v -44.687466 6.000000 -5.696323
v -46.325615 6.000007 -0.000002
v -44.687466 6.000000 5.696323
v -41.569115 3.090460 9.098068
v -41.550159 6.000021 9.028905
v -37.424103 6.000029 10.858711
v -36.997627 3.950530 10.900712
v -41.550159 6.000021 -9.028905
v -37.480011 6.000029 -10.842270
v 15.365378 6.000000 5.696343
v 17.003540 6.000007 -0.000000
v 15.365378 6.000000 -5.696343
v 12.228096 6.000021 -9.028898
v 8.102033 6.000029 -10.858710
v 12.083448 3.132431 9.190815
v 12.228094 6.000021 9.028900
v 8.157942 6.000029 10.842269
v 7.630329 3.958544 10.911233
v 8.306756 16.947226 22.302456
v 17.930567 18.147295 22.694183
v -11.057179 15.340039 21.643654
v 6.942815 15.338015 21.643646
v -29.057180 15.340100 21.643650
v -30.854681 17.468502 22.514421
v -37.133373 18.016752 22.648771
v -40.226109 18.256952 22.723114
v -42.867107 19.746553 23.118111
v -44.810139 22.552868 23.595007
v -45.167564 24.999495 23.702045
v -33.504425 19.606871 23.097548
v -31.255325 23.341980 23.662560
v -31.223230 24.998234 23.629045
v -27.694267 16.939020 22.301384
v -12.554145 16.715853 22.218927
v -20.161097 17.913763 22.617126
v -24.260759 19.169039 22.987015
v -27.161938 20.459558 23.307495
v -26.659796 22.248749 23.554008
v -27.173964 24.990946 23.714499
v -15.758223 19.344612 23.038696
v -13.182197 20.752506 23.375458
v -13.428977 22.885069 23.620094
v -13.223230 24.998234 23.629045
v -9.694265 16.939026 22.301388
v 5.445865 16.715843 22.218918
v -2.161098 17.913763 22.617125
v -6.260762 19.169041 22.987015
v -9.161939 20.459553 23.307493
v -8.659798 22.248755 23.554008
v -9.173964 24.990946 23.714499
v 2.241777 19.344610 23.038696
v 4.817804 20.752504 23.375456
v 4.571023 22.885069 23.620094
v 4.776769 24.998234 23.629045
v 8.838062 20.459551 23.307493
v 13.773901 18.256948 22.723083
v 11.132576 19.746849 23.118393
v 8.826037 24.990946 23.714499
v 9.340206 22.248745 23.554008
v 21.158522 20.391552 23.255478
v 22.570896 22.884575 23.619787
v 22.845472 24.998985 23.702042
v 8.623042 25.000010 22.719103
v 7.335608 25.000000 21.698217
v 5.708405 25.000004 21.999163
v -12.945122 25.000008 -22.719116
v -11.657681 25.000000 -21.698217
v -10.030478 25.000004 -21.999165
v 5.054879 25.000008 -22.719116
v 6.342319 25.000000 -21.698217
v 7.969523 25.000004 -21.999165
v -9.376959 25.000010 22.719103
v -10.664392 25.000000 21.698217
v -12.291595 25.000004 21.999163
v -30.945122 25.000008 -22.719116
v -29.657682 25.000000 -21.698217
v -28.030476 25.000004 -21.999165
v -27.376949 25.000010 22.719122
v -28.664392 25.000000 21.698217
v -30.291597 25.000004 21.999163
v 79.838959 24.972704 -2.598428
v 78.538956 24.354895 -2.565851
v 79.838959 22.902122 -1.654027
v 78.538956 22.495861 -0.795512
v 79.838959 22.640743 1.362915
v 78.538956 22.902122 1.654027
v 79.838959 24.962317 2.607231
v 78.538956 24.948233 2.593928
v 79.842628 24.706049 -7.334987
v 79.839111 21.431973 -6.336900
v 79.840355 19.182732 -4.465931
v 79.839195 18.621532 3.503576
v 79.839073 22.252655 6.742990
v 79.839424 24.962976 7.303701
v 79.839256 17.795965 1.017873
v 79.839302 17.835779 -1.307093
v 79.839317 20.055361 5.348872
vn 0.1500 -0.6652 -0.7314
vn 0.1268 -0.7486 -0.6508
vn 0.4935 -0.6375 -0.5917
vn 0.3142 -0.6320 -0.7085
vn 0.5959 -0.6821 -0.4237
vn 0.7837 -0.5449 -0.2982
vn 0.7158 -0.6937 -0.0798
vn 0.8030 -0.5827 0.1254
vn 0.7155 -0.6320 0.2978
vn 0.7209 -0.5781 0.3822
vn 0.3870 -0.6340 0.6695
vn 0.4356 -0.6552 0.6172
vn 0.1234 -0.6091 0.7834
vn 0.1307 -0.6653 0.7351
vn -0.7358 0.6637 -0.1348
vn 0.7473 0.6592 -0.0832
vn 0.6345 0.6715 -0.3827
vn -0.6159 0.6627 -0.4260
vn 0.4617 0.6626 -0.5898
vn -0.3750 0.6635 -0.6474
vn 0.2578 0.6693 -0.6968
vn -0.0513 0.6612 -0.7484
vn -0.7234 0.6674 0.1768
vn 0.7218 0.6759 0.1491
vn 0.5981 0.6558 0.4606
vn -0.5733 0.6619 0.4830
vn 0.2861 0.6640 0.6908
vn -0.3067 0.6709 0.6752
vn -0.0185 0.6718 0.7405
vn -0.7323 0.6649 0.1472
vn 0.7511 0.6589 -0.0423
vn -0.7250 0.6684 -0.1662
vn 0.6362 0.6591 -0.4009
vn -0.5779 0.6644 -0.4739
vn 0.4053 0.6644 -0.6279
vn -0.2655 0.6572 -0.7054
vn 0.1106 0.6656 -0.7380
vn 0.6677 0.6539 0.3557
vn -0.5956 0.6647 0.4511
vn -0.3549 0.6515 0.6705
vn 0.3851 0.6695 0.6352
vn 0.0382 0.6562 0.7536
vn -0.7138 0.6525 0.2544
vn 0.7468 0.6650 -0.0090
vn -0.7336 0.6684 -0.1232
vn 0.6580 0.6554 -0.3707
vn -0.5836 0.6565 -0.4780
vn 0.3534 0.6469 -0.6757
vn -0.3052 0.6683 -0.6784
vn 0.0112 0.6623 -0.7492
vn 0.6893 0.6760 0.2606
vn 0.5528 0.6646 0.5027
vn -0.5132 0.6634 0.5445
vn 0.2145 0.6493 0.7297
vn -0.2081 0.6589 0.7229
vn 0.0381 0.9845 -0.1712
vn -0.5833 0.7894 0.1912
vn -0.6422 0.7538 0.1392
vn 0.1882 0.9776 -0.0941
vn -0.6428 0.7524 -0.1438
vn 0.1578 0.9860 0.0540
vn 0.0724 0.9844 0.1606
vn -0.5917 0.7827 -0.1933
vn 0.1268 0.9797 -0.1553
vn 0.6423 0.7532 -0.1422
vn -0.2079 0.9763 0.0599
vn -0.1588 0.9684 0.1923
vn 0.5750 0.7952 -0.1925
vn -0.2112 0.9767 -0.0372
vn 0.6536 0.7468 0.1223
vn -0.1615 0.9694 -0.1848
vn 0.5775 0.7982 0.1712
vn -0.1669 -0.6598 0.7327
vn -0.2021 -0.5668 0.7987
vn -0.5224 -0.6476 0.5547
vn -0.4384 -0.5696 0.6952
vn -0.6891 -0.5664 0.4521
vn -0.7206 -0.6508 0.2390
vn -0.8076 -0.5824 0.0922
vn -0.7313 -0.6761 -0.0896
vn -0.8086 -0.5542 -0.1975
vn -0.6412 -0.6591 -0.3929
vn -0.7167 -0.5277 -0.4559
vn -0.5558 -0.5622 -0.6123
vn -0.4172 -0.6768 -0.6066
vn -0.3584 -0.5627 -0.7449
vn -0.1434 -0.6751 -0.7237
vn -0.1411 -0.5480 -0.8245
vn -0.1966 -0.8544 -0.4810
vn -0.0510 -0.8268 -0.5602
vn -0.1461 -0.7679 -0.6237
vn -0.2781 -0.7576 -0.5905
vn -0.1880 -0.6578 -0.7294
vn -0.1078 -0.3140 -0.9433
vn -0.2960 -0.3653 -0.8826
vn -0.2254 -0.1631 -0.9605
vn -0.1847 0.6605 -0.7277
vn -0.3683 -0.1471 -0.9180
vn -0.3655 0.6677 -0.6486
vn -0.5478 -0.1100 -0.8293
vn -0.7752 0.6306 0.0370
vn -0.7796 0.6056 -0.1596
vn -0.7543 0.5909 -0.2861
vn -0.9172 -0.2903 -0.2728
vn -0.7780 0.6107 -0.1474
vn -0.6008 -0.5869 -0.5427
vn -0.6987 -0.4380 -0.5657
vn -0.5382 -0.4991 -0.6791
vn -0.4311 -0.6560 -0.6195
vn -0.4070 -0.5007 -0.7639
vn -0.3266 -0.6188 -0.7144
vn -0.3093 -0.8625 -0.4006
vn -0.5081 -0.8605 0.0379
vn -0.9179 -0.2341 0.3203
vn -0.8780 -0.3476 0.3291
vn -0.7170 0.5990 0.3567
vn -0.8289 -0.2725 0.4885
vn -0.2011 -0.5207 0.8297
vn -0.1829 -0.6428 0.7439
vn -0.0526 -0.5618 0.8256
vn -0.6698 -0.6867 0.2827
vn -0.5080 -0.8186 0.2680
vn -0.5911 -0.6869 0.4229
vn -0.4223 -0.8886 0.1792
vn -0.7482 -0.5595 0.3566
vn -0.6641 -0.5612 0.4940
vn -0.8005 -0.4382 0.4088
vn -0.4243 -0.7362 0.5273
vn -0.3107 -0.8465 0.4324
vn -0.2628 -0.7383 0.6212
vn -0.3831 -0.6625 0.6437
vn -0.3591 -0.5573 0.7487
vn -0.1039 -0.8512 0.5144
vn -0.0914 -0.7733 0.6274
vn -0.0442 -0.6758 0.7358
vn -0.2134 -0.0727 0.9742
vn -0.0687 0.6601 0.7480
vn -0.2723 0.6440 0.7149
vn -0.4769 -0.0269 0.8785
vn -0.7178 0.6935 -0.0624
vn -0.5887 -0.1271 0.7983
vn -0.8057 0.5847 0.0946
vn -0.6961 -0.2616 0.6686
vn -0.6836 0.5821 0.4403
vn -0.7296 -0.3409 0.5928
vn -0.7805 0.6012 0.1714
vn -0.7509 -0.6224 0.2208
vn -0.8299 -0.4952 0.2571
vn -0.8042 -0.5840 0.1105
vn -0.7827 0.6224 -0.0004
vn -0.9696 -0.2352 0.0671
vn -0.8123 -0.5814 -0.0457
vn -0.8703 -0.4509 -0.1984
vn -0.7514 -0.6372 -0.1711
vn -0.9611 -0.2709 -0.0532
vn -0.9488 -0.2682 -0.1668
vn -0.9156 -0.3806 -0.1299
vn -0.7908 -0.5451 -0.2785
vn -0.7200 -0.5371 -0.4395
vn -0.6869 -0.6387 -0.3467
vn -0.6933 0.6081 -0.3868
vn -0.8280 -0.2427 -0.5055
vn -0.2179 -0.5041 -0.8357
vn -0.0799 -0.1523 -0.9851
vn -0.0638 -0.5610 -0.8253
vn -0.0575 -0.4204 -0.9055
vn -0.0449 -0.7034 -0.7093
vn -0.0414 0.6688 -0.7423
vn -0.8316 -0.4283 -0.3535
vn -0.5983 -0.7487 -0.2856
vn -0.5575 -0.6886 -0.4637
vn -0.4549 -0.8035 -0.3840
vn -0.3982 -0.7583 -0.5161
vn -0.4399 -0.8638 -0.2455
vn -0.6593 -0.7393 -0.1373
vn -0.5271 -0.8401 -0.1281
vn -0.8940 -0.4480 0.0057
vn -0.6345 -0.7729 0.0029
vn -0.6032 -0.7800 0.1666
vn -0.7114 -0.6999 0.0629
vn -0.8803 -0.4411 0.1748
vn -0.9353 -0.3257 0.1383
vn -0.4602 -0.7966 0.3920
vn -0.7460 -0.4315 0.5072
vn -0.4892 -0.5213 0.6992
vn -0.5332 -0.6011 0.5954
vn -0.6240 -0.4417 0.6447
vn -0.0508 -0.4427 0.8952
vn -0.1654 -0.4069 0.8984
vn -0.0583 -0.3188 0.9460
vn -0.2286 -0.2344 0.9449
vn -0.0630 -0.1702 0.9834
vn -0.3092 -0.3999 0.8628
vn -0.4898 -0.4015 0.7739
vn -0.4095 -0.3417 0.8459
vn -0.5848 -0.2922 0.7567
vn -0.4268 -0.2212 0.8769
vn -0.7766 -0.3613 -0.5161
vn -0.8633 -0.3120 -0.3968
vn -0.4587 -0.3181 -0.8297
vn -0.5980 -0.2363 -0.7658
vn -0.6197 -0.3707 -0.6918
vn -0.7222 -0.2622 -0.6400
vn -0.6724 0.5827 -0.4564
vn 0.1879 -0.8704 0.4550
vn 0.1849 -0.5857 0.7891
vn 0.1856 -0.3962 0.8992
vn -0.1561 0.4458 0.8814
vn -0.0799 0.5305 0.8439
vn 0.1670 -0.9459 0.2783
vn 0.1849 -0.7505 0.6345
vn 0.0424 0.4574 0.8882
vn 0.0404 0.4433 0.8955
vn 0.1869 -0.1867 0.9645
vn -0.3991 0.3598 0.8433
vn -0.5898 0.1990 0.7827
vn 0.1427 0.6364 0.7580
vn -0.5086 0.5937 0.6236
vn -0.3596 0.4167 0.8349
vn 0.4633 0.3329 0.8213
vn -0.5706 0.1806 0.8011
vn 0.6206 0.1768 0.7640
vn 0.5070 0.5841 0.6339
vn -0.5132 0.6006 0.6131
vn 0.4748 0.3117 0.8230
vn -0.4950 0.3808 0.7810
vn -0.5718 0.1813 0.8001
vn 0.2687 0.4492 0.8521
vn -0.3824 0.4047 0.8307
vn 0.5349 0.2150 0.8171
vn -0.5637 0.1823 0.8056
vn 0.5039 0.5853 0.6352
vn -0.5274 0.5951 0.6064
vn 0.2782 0.4458 0.8508
vn 0.5377 0.2171 0.8147
vn 0.5051 0.5821 0.6372
vn 0.1570 0.9127 -0.3774
vn 0.2125 0.8027 -0.5573
vn 0.2064 0.6756 -0.7078
vn 0.0672 0.7267 -0.6837
vn 0.1975 0.4661 -0.8624
vn 0.3707 0.3347 -0.8663
vn 0.2008 0.2861 -0.9369
vn 0.1667 0.7560 -0.6330
vn 0.3116 0.1489 -0.9385
vn 0.4412 0.1008 -0.8918
vn 0.5387 0.2129 -0.8152
vn 0.6048 0.3553 -0.7127
vn 0.3865 0.5468 -0.7427
vn 0.7135 0.3270 -0.6197
vn 0.8042 0.3627 -0.4710
vn 0.7389 0.4910 -0.4614
vn 0.8268 0.4615 -0.3216
vn 0.7407 0.5969 -0.3083
vn 0.7584 0.6394 -0.1264
vn 0.8532 0.4936 -0.1685
vn 0.8427 0.5380 -0.0212
vn 0.3217 0.9058 -0.2757
vn 0.5632 0.8017 -0.2003
vn 0.4293 0.8877 -0.1663
vn 0.5439 0.8383 -0.0374
vn 0.3746 0.9271 -0.0122
vn 0.3334 0.9355 0.1170
vn 0.2410 0.9338 0.2644
vn 0.4306 0.7109 0.5561
vn 0.2446 0.7851 0.5690
vn 0.3396 0.6567 0.6734
vn 0.5632 0.6206 0.5456
vn 0.4557 0.6142 0.6443
vn 0.5320 0.5646 0.6310
vn 0.2009 0.6863 0.6991
vn 0.3065 0.5254 0.7937
vn 0.4259 0.5160 0.7432
vn 0.1542 0.5862 0.7954
vn 0.0362 0.4430 0.8958
vn 0.0528 0.2906 0.9554
vn 0.1864 0.4112 0.8923
vn 0.1921 0.2612 0.9460
vn 0.4073 0.1130 0.9063
vn 0.2610 0.1380 0.9554
vn 0.1779 0.7549 0.6313
vn 0.0944 0.1195 0.9883
vn 0.0395 0.7394 0.6721
vn 0.3049 0.7622 0.5710
vn 0.0737 0.7513 0.6558
vn 0.3718 0.2769 0.8861
vn 0.5961 0.1824 0.7819
vn 0.4300 0.5947 0.6793
vn 0.7447 0.2095 0.6336
vn 0.5110 0.7974 0.3209
vn 0.6926 0.3868 0.6088
vn 0.7125 0.5010 0.4913
vn 0.6201 0.5019 0.6030
vn 0.7895 0.3153 0.5265
vn 0.7333 0.4270 0.5291
vn 0.8666 0.2728 0.4179
vn 0.5683 0.8083 0.1541
vn 0.6584 0.5935 0.4630
vn 0.8820 0.3919 0.2617
vn 0.8078 0.4355 0.3973
vn 0.9232 0.2660 0.2773
vn 0.7221 0.5947 0.3534
vn 0.7921 0.5536 0.2572
vn 0.5879 0.8087 -0.0205
vn 0.9618 0.2496 0.1126
vn 0.5608 0.8061 -0.1889
vn 0.9482 0.2408 -0.2073
vn 0.8886 0.3746 -0.2647
vn 0.8777 0.2398 -0.4149
vn 0.5000 0.8005 -0.3305
vn 0.4449 0.7263 -0.5240
vn 0.1587 0.7004 -0.6959
vn 0.3137 0.7553 -0.5755
vn 0.3519 0.3001 -0.8866
vn 0.1009 0.1362 -0.9855
vn 0.0358 0.7429 -0.6685
vn 0.0614 0.3255 -0.9436
vn 0.0612 0.5778 0.8139
vn 0.2455 0.4661 0.8500
vn 0.3312 0.2869 0.8989
vn 0.4734 0.2233 0.8521
vn 0.0292 0.9177 -0.3962
vn 0.0596 0.8396 -0.5399
vn 0.5759 0.6842 0.4475
vn 0.4737 0.7852 0.3988
vn 0.6090 0.7202 0.3323
vn 0.3500 0.7913 0.5013
vn 0.4124 0.8787 0.2404
vn 0.3310 0.8629 0.3820
vn 0.5555 0.8003 0.2258
vn 0.6763 0.7026 0.2212
vn 0.7599 0.6411 0.1070
vn 0.6687 0.7413 0.0578
vn 0.5085 0.8549 0.1022
vn 0.6603 0.7362 -0.1487
vn 0.2088 0.8756 0.4355
vn 0.0738 0.9351 0.3465
vn 0.0818 0.8638 0.4971
vn 0.0605 0.7851 0.6164
vn 0.0568 0.6971 0.7147
vn 0.5397 0.4822 0.6901
vn 0.4055 0.3812 0.8308
vn 0.5554 0.2990 0.7760
vn 0.6563 0.3048 0.6902
vn 0.5540 0.4043 0.7277
vn 0.9062 0.4082 0.1101
vn 0.9321 0.3594 -0.0457
vn 0.8451 0.5190 0.1282
vn 0.4795 0.3844 -0.7889
vn 0.6369 0.5215 -0.5678
vn 0.5304 0.4967 -0.6870
vn 0.6240 0.6389 -0.4498
vn 0.2134 0.5710 -0.7927
vn 0.0576 0.6026 -0.7960
vn 0.3713 0.5491 -0.7488
vn 0.5061 0.6252 -0.5941
vn 0.6013 0.7279 -0.3296
vn 0.0578 0.4754 -0.8779
vn 0.4917 0.7405 -0.4581
vn 0.3732 0.7048 -0.6033
vn 0.4661 0.8263 -0.3163
vn 0.3329 0.8408 -0.4268
vn -0.7936 0.5188 0.3178
vn -0.1877 0.9006 0.3920
vn -0.1846 0.8228 0.5376
vn -0.1852 0.7096 0.6798
vn -0.7896 0.3155 0.5263
vn -0.1839 0.5738 0.7981
vn -0.7972 0.5982 0.0807
vn -0.7961 0.5841 -0.1584
vn -0.1845 0.9039 -0.3858
vn -0.7907 0.2852 -0.5418
vn -0.1847 0.6655 -0.7232
vn -0.1844 0.5030 -0.8444
vn -0.1874 0.3418 -0.9209
vn -0.1860 0.1823 -0.9655
vn -0.3580 0.8914 -0.2780
vn -0.7986 0.4787 -0.3648
vn -0.1876 0.8089 -0.5572
vn -0.1873 0.4159 0.8899
vn -0.1857 0.2413 0.9525
vn -0.3122 0.9233 0.2238
vn -0.1172 0.7661 0.6319
vn -0.1192 0.7806 -0.6136
vn -0.5296 0.8100 -0.2519
vn -0.2466 0.8923 -0.3782
vn 0.2051 0.2043 0.9572
vn 0.0011 0.2863 0.9582
vn -0.0924 0.2482 0.9643
vn 0.2170 0.8885 -0.4043
vn 0.0328 0.2776 0.9602
vn 0.3061 0.1836 0.9341
vn 0.4912 0.8218 -0.2887
vn 0.0902 0.7537 0.6510
vn -0.1291 0.7583 0.6390
vn -0.3707 0.6252 0.6868
vn -0.6011 0.3430 0.7218
vn -0.5278 0.6263 0.5737
vn 0.3780 0.6003 0.7048
vn 0.9139 0.1771 0.3653
vn -0.3336 0.1768 0.9260
vn 0.0926 0.7502 0.6547
vn -0.1291 0.7412 0.6588
vn -0.3586 0.6051 0.7108
vn -0.9303 0.1731 0.3233
vn 0.3826 0.6014 0.7014
vn 0.9104 0.1779 0.3734
vn 0.0004 0.3030 0.9530
vn 0.2273 0.1916 0.9548
vn -0.2006 0.2088 0.9572
vn -0.0870 0.7259 0.6823
vn -0.5027 0.1182 0.8563
vn -0.3980 0.6647 0.6323
vn -0.6505 0.3203 0.6887
vn -0.7139 0.6938 0.0944
vn 0.2144 0.7067 0.6742
vn 0.4766 0.5596 0.6780
vn 0.9382 0.1547 0.3094
vn -0.2245 0.2039 0.9529
vn 0.0746 0.7217 0.6882
vn -0.1671 0.7588 0.6296
vn -0.5074 0.1178 0.8536
vn -0.3629 0.6529 0.6648
vn 0.3804 0.5868 0.7148
vn 0.6144 0.2795 0.7378
vn 0.5510 0.6277 0.5499
vn -0.6582 0.7516 -0.0425
vn -0.6014 0.7617 0.2410
vn -0.4237 0.7654 0.4845
vn -0.1267 0.7644 0.6322
vn 0.1648 0.7552 0.6344
vn 0.4312 0.7617 0.4836
vn 0.6123 0.7554 0.2333
vn 0.6506 0.7570 -0.0611
vn 0.5400 0.7646 -0.3519
vn 0.2883 0.7736 -0.5643
vn -0.0668 0.7755 -0.6279
vn -0.4105 0.7553 -0.5109
vn -0.6016 0.7468 -0.2835
vn -0.6562 0.7546 0.0013
vn -0.5443 0.7704 0.3318
vn -0.2842 0.7725 0.5679
vn 0.0087 0.7576 0.6526
vn 0.2708 0.7465 0.6078
vn 0.4694 0.7484 0.4686
vn 0.6187 0.7436 0.2537
vn 0.6476 0.7619 0.0129
vn 0.5438 0.7758 -0.3200
vn 0.2931 0.7632 -0.5759
vn -0.0546 0.7649 -0.6418
vn -0.3718 0.7542 -0.5412
vn -0.5726 0.7596 -0.3084
vn -0.6328 0.7692 -0.0890
vn -0.6010 0.7580 0.2534
vn -0.4240 0.7502 0.5073
vn -0.1500 0.7593 0.6333
vn 0.1648 0.7532 0.6368
vn 0.4248 0.7568 0.4967
vn 0.6104 0.7672 0.1970
vn 0.6087 0.7711 -0.1867
vn 0.4193 0.7608 -0.4954
vn 0.1169 0.7684 -0.6291
vn -0.2613 0.7685 -0.5840
vn -0.5239 0.7586 -0.3873
vn 0.1877 -0.8994 -0.3948
vn -0.1543 0.4724 -0.8678
vn 0.3118 0.3825 -0.8697
vn 0.5708 0.1965 -0.7972
vn 0.5084 0.5935 -0.6240
vn 0.0413 0.4783 -0.8772
vn 0.3852 0.4279 -0.8176
vn -0.4847 0.3480 -0.8025
vn 0.5559 0.2047 -0.8056
vn -0.6002 0.1816 -0.7789
vn 0.5188 0.5746 -0.6330
vn -0.5046 0.6076 -0.6134
vn 0.0421 0.5429 -0.8387
vn 0.3277 0.4322 -0.8401
vn -0.3810 0.3788 -0.8434
vn 0.5429 0.2025 -0.8150
vn -0.5986 0.1800 -0.7806
vn 0.5177 0.5734 -0.6351
vn 0.0410 0.5696 -0.8209
vn -0.2861 0.4623 -0.8393
vn 0.3278 0.4326 -0.8399
vn -0.5127 0.1998 -0.8350
vn 0.5422 0.2045 -0.8150
vn 0.5163 0.5720 -0.6374
vn -0.5239 0.5975 -0.6071
vn 0.1870 -0.3060 -0.9335
vn -0.2789 0.4700 -0.8375
vn -0.5258 0.2978 -0.7968
vn 0.1859 -0.1485 -0.9713
vn -0.6169 0.1331 -0.7757
vn 0.1408 0.6703 -0.7286
vn -0.5308 0.6028 -0.5957
vn 0.1851 -0.8098 -0.5568
vn 0.1838 -0.6847 -0.7053
vn 0.1855 -0.5009 -0.8454
vn 0.1418 0.6637 -0.7345
vn -0.1241 0.6656 -0.7359
vn -0.6449 0.6662 -0.3746
vn -0.7531 0.6579 -0.0003
vn -0.6443 0.6632 0.3809
vn -0.4742 0.8374 0.2719
vn -0.4279 0.6737 0.6025
vn -0.1612 0.6598 0.7339
vn -0.1603 0.8869 0.4333
vn -0.4288 0.6657 -0.6107
vn 0.6464 0.6614 0.3803
vn 0.7526 0.6584 0.0037
vn 0.6438 0.6647 -0.3790
vn 0.4308 0.6662 -0.6088
vn 0.4701 0.8403 0.2701
vn 0.4346 0.6713 0.6004
vn 0.1635 0.6613 0.7321
vn 0.1508 0.8889 0.4326
vn 0.0035 0.3241 -0.9460
vn 0.0033 0.3244 -0.9459
vn 0.0005 0.3259 -0.9454
vn -0.2285 0.1891 -0.9550
vn -0.0784 0.7334 -0.6753
vn 0.1334 0.7468 -0.6515
vn 0.3701 0.6032 -0.7065
vn 0.5873 0.2934 -0.7543
vn 0.5442 0.6396 -0.5429
vn -0.3994 0.5898 -0.7018
vn -0.9468 0.1495 -0.2848
vn -0.1898 0.2135 -0.9583
vn 0.2281 0.2038 -0.9521
vn 0.0178 0.7434 -0.6687
vn 0.3161 0.6374 -0.7027
vn 0.5089 0.1158 -0.8530
vn 0.6457 0.2948 -0.7044
vn 0.6871 0.7230 -0.0711
vn -0.3250 0.6330 -0.7026
vn -0.4433 0.1195 -0.8884
vn -0.7868 0.2127 -0.5795
vn -0.7185 0.6705 -0.1850
vn -0.1898 0.2133 -0.9584
vn -0.0295 0.7494 -0.6614
vn 0.2827 0.6572 -0.6987
vn 0.6427 0.3276 -0.6926
vn -0.3255 0.6304 -0.7047
vn 0.2278 0.2026 -0.9524
vn -0.1410 0.6944 -0.7056
vn 0.5102 0.1179 -0.8519
vn 0.1714 0.7125 -0.6805
vn 0.6446 0.3239 -0.6925
vn 0.4037 0.6243 -0.6687
vn -0.4499 0.5562 -0.6987
vn -0.6172 0.2648 -0.7410
vn -0.5501 0.6276 -0.5509
vn 0.6516 0.6455 -0.3983
vn 0.1867 0.6299 -0.7539
vn -0.4500 0.6287 -0.6342
vn -0.6517 0.6450 0.3990
vn -0.1864 0.6304 0.7536
vn 0.4485 0.6299 0.6341
vn 0.7335 0.6631 0.1493
vn -0.7304 0.6805 0.0587
vn -0.6401 0.6492 0.4109
vn -0.1914 0.6288 0.7536
vn 0.4480 0.6316 0.6327
vn 0.7331 0.6637 0.1484
vn 0.6517 0.6455 -0.3983
vn -0.6517 0.6448 0.3994
vn -0.1866 0.6300 0.7539
vn 0.4456 0.6311 0.6350
vn 0.7371 0.6607 0.1423
vn -0.4455 0.6311 -0.6350
vn -0.7348 0.6576 -0.1660
vn 0.4741 0.7531 0.4562
vn -0.7286 0.5362 0.4261
vn 0.8337 0.4365 0.3382
vn -0.8273 0.5424 0.1461
vn 0.8422 0.4739 -0.2572
vn -0.8201 0.4324 -0.3747
vn 0.6017 0.6769 -0.4240
vn -0.6056 0.6652 -0.4366
vn 0.6846 0.4831 -0.5458
vn 0.7969 -0.2876 -0.5313
vn 0.7921 -0.4891 -0.3651
vn 0.8010 -0.5281 0.2821
vn 0.8006 -0.4029 0.4435
vn 0.7994 -0.2257 0.5568
vn 0.6667 0.5476 0.5056
vn 0.7979 -0.5896 -0.1252
vn 0.8011 -0.5916 0.0905
s 1
f 939//897 938//898 940//899
f 940//899 938//898 941//900
f 940//899 941//900 942//901
f 940//899 942//901 943//902
f 943//902 942//901 944//903
f 943//902 944//903 945//904
f 945//904 944//903 946//905
f 946//905 944//903 947//906
f 946//905 947//906 948//907
f 946//905 948//907 949//908
f 949//908 948//907 950//909
f 949//908 950//909 951//910
f 952//911 953//912 954//913
f 952//911 954//913 955//914
f 955//914 954//913 956//915
f 955//914 956//915 957//916
f 957//916 956//915 958//917
f 957//916 958//917 959//918
f 953//912 952//911 960//919
f 953//912 960//919 961//920
f 961//920 960//919 962//921
f 962//921 960//919 963//922
f 962//921 963//922 964//923
f 964//923 963//922 965//924
f 964//923 965//924 966//925
f 967//926 968//927 969//928
f 969//928 968//927 970//929
f 969//928 970//929 971//930
f 971//930 970//929 972//931
f 971//930 972//931 973//932
f 973//932 972//931 974//933
f 968//927 967//926 975//934
f 975//934 967//926 976//935
f 975//934 976//935 977//936
f 975//934 977//936 978//937
f 978//937 977//936 979//938
f 980//939 981//940 982//941
f 982//941 981//940 983//942
f 982//941 983//942 984//943
f 984//943 983//942 985//944
f 984//943 985//944 986//945
f 986//945 985//944 987//946
f 981//940 980//939 988//947
f 988//947 980//939 989//948
f 989//948 980//939 990//949
f 989//948 990//949 991//950
f 991//950 990//949 992//951
f 994//952 993//953 995//954
f 995//954 996//955 994//952
f 997//956 999//957 995//954
f 995//954 999//957 996//955
f 997//956 998//958 999//957
f 997//956 1000//959 998//958
f 996//955 1001//960 994//952
f 1002//961 936//962 937//963
f 937//963 1003//964 1002//961
f 936//962 1002//961 935//965
f 935//965 1002//961 1004//966
f 935//965 1004//966 934//967
f 934//967 1004//966 1005//968
f 1009//969 951//910 1006//970
f 1006//970 951//910 950//909
f 1009//969 1006//970 1010//971
f 1010//971 1006//970 1011//972
f 1010//971 1011//972 1012//973
f 1010//971 1012//973 1013//974
f 1013//974 1012//973 1014//975
f 1013//974 1014//975 1015//976
f 1015//976 1014//975 1016//977
f 1015//976 1016//977 1017//978
f 1017//978 1016//977 1043//979
f 1017//978 1043//979 1018//980
f 1017//978 1018//980 1019//981
f 1019//981 1018//980 1007//982
f 1019//981 1007//982 1020//983
f 1020//983 1007//982 1008//984
f 939//897 1020//983 938//898
f 938//898 1020//983 1008//984
f 939//897 940//899 1017//978
f 939//897 1017//978 1020//983
f 1017//978 940//899 943//902
f 1017//978 943//902 1015//976
f 1015//976 943//902 945//904
f 1015//976 945//904 1013//974
f 1013//974 945//904 946//905
f 1013//974 946//905 1010//971
f 1010//971 946//905 1009//969
f 1009//969 946//905 951//910
f 951//910 946//905 949//908
f 1020//983 1017//978 1019//981
f 1007//982 1041//985 1008//984
f 1008//984 1041//985 1021//986
f 1021//986 1041//985 1022//987
f 1022//987 1042//988 1023//989
f 1026//990 1025//991 1027//992
f 1029//993 1028//994 1030//995
f 1030//995 1130//996 1031//997
f 1031//997 1130//996 1032//998
f 1037//999 1035//1000 1036//1001
f 1126//1002 1134//1003 1131//1004
f 1103//1005 1131//1004 1128//1006
f 1103//1005 1128//1006 1039//1007
f 1007//982 1018//980 1040//1008
f 1040//1008 1018//980 1043//979
f 1016//977 1014//975 1085//1009
f 1083//1010 1048//1011 1081//1012
f 1081//1012 1048//1011 1082//1013
f 1050//1014 1065//1015 1051//1016
f 1045//1017 1055//1018 1057//1019
f 1052//1020 1014//975 1012//973
f 1052//1020 1012//973 1055//1018
f 1053//1021 1058//1022 1054//1023
f 1116//1024 1117//1025 1064//1026
f 1116//1024 1064//1026 1060//1027
f 1060//1027 1064//1026 1061//1028
f 1062//1029 1063//1030 1064//1026
f 1064//1026 1063//1030 1065//1015
f 1064//1026 1065//1015 1061//1028
f 1061//1028 1065//1015 1050//1014
f 1063//1030 1066//1031 1065//1015
f 1121//1032 1070//1033 1071//1034
f 1124//1035 1071//1034 1072//1036
f 1124//1035 1072//1036 1073//1037
f 1072//1036 1077//1038 1073//1037
f 1073//1037 1077//1038 1078//1039
f 1077//1038 1079//1040 1078//1039
f 1078//1039 1079//1040 1080//1041
f 1081//1012 1084//1042 1083//1010
f 1046//1043 1047//1044 1088//1045
f 1086//1046 1089//1047 1084//1042
f 1114//1048 1098//1049 1092//1050
f 1036//1001 1094//1051 1086//1046
f 1094//1051 1127//1052 1095//1053
f 1109//1054 1100//1055 1110//1056
f 1126//1002 1131//1004 1103//1005
f 1103//1005 1039//1007 1042//988
f 1037//999 1034//1057 1137//1058
f 1029//993 1027//992 1028//994
f 1025//991 1026//990 1024//1059
f 1027//992 1104//1060 1026//990
f 1024//1059 1105//1061 1023//989
f 1026//990 1106//1062 1024//1059
f 1024//1059 1106//1062 1105//1061
f 1023//989 1105//1061 1107//1063
f 1023//989 1107//1063 1022//987
f 1022//987 1107//1063 1021//986
f 1027//992 1029//993 1104//1060
f 1029//993 1108//1064 1104//1060
f 1035//1000 1095//1053 1127//1052
f 1098//1049 1095//1053 1035//1000
f 1109//1054 1098//1049 1099//1065
f 1110//1056 1092//1050 1109//1054
f 1096//1066 1092//1050 1110//1056
f 1096//1066 1110//1056 1101//1067
f 1101//1067 1110//1056 1100//1055
f 1097//1068 1096//1066 1101//1067
f 1097//1068 1101//1067 1102//1069
f 1040//1008 1097//1068 1102//1069
f 1040//1008 1102//1069 1042//988
f 1041//985 1040//1008 1042//988
f 1040//1008 1041//985 1007//982
f 1022//987 1041//985 1042//988
f 1023//989 1042//988 1039//1007
f 1097//1068 1040//1008 1043//979
f 1093//1070 1097//1068 1043//979
f 1096//1066 1097//1068 1093//1070
f 1092//1050 1096//1066 1113//1071
f 1098//1049 1109//1054 1092//1050
f 1093//1070 1111//1072 1096//1066
f 1098//1049 1112//1073 1095//1053
f 1111//1072 1113//1071 1096//1066
f 1093//1070 1043//979 1016//977
f 1111//1072 1016//977 1085//1009
f 1091//1074 1044//1075 1090//1076
f 1090//1076 1046//1043 1088//1045
f 1093//1070 1016//977 1111//1072
f 1098//1049 1114//1048 1112//1073
f 1094//1051 1095//1053 1112//1073
f 1091//1074 1113//1071 1111//1072
f 1087//1077 1048//1011 1115//1078
f 1091//1074 1085//1009 1044//1075
f 1090//1076 1044//1075 1045//1017
f 1090//1076 1045//1017 1046//1043
f 1087//1077 1047//1044 1048//1011
f 1111//1072 1085//1009 1091//1074
f 1113//1071 1091//1074 1090//1076
f 1113//1071 1090//1076 1092//1050
f 1092//1050 1090//1076 1114//1048
f 1046//1043 1053//1021 1047//1044
f 1115//1078 1048//1011 1083//1010
f 1115//1078 1083//1010 1084//1042
f 1094//1051 1089//1047 1086//1046
f 1085//1009 1055//1018 1044//1075
f 1114//1048 1088//1045 1112//1073
f 1089//1047 1094//1051 1115//1078
f 1115//1078 1094//1051 1112//1073
f 1085//1009 1052//1020 1055//1018
f 1044//1075 1055//1018 1045//1017
f 1046//1043 1045//1017 1053//1021
f 1047//1044 1054//1023 1048//1011
f 1088//1045 1114//1048 1090//1076
f 1085//1009 1014//975 1052//1020
f 1047//1044 1053//1021 1054//1023
f 1045//1017 1057//1019 1053//1021
f 1088//1045 1087//1077 1112//1073
f 1112//1073 1087//1077 1115//1078
f 1056//1079 1117//1025 1116//1024
f 1087//1077 1088//1045 1047//1044
f 1055//1018 1056//1079 1057//1019
f 1055//1018 1012//973 1117//1025
f 1117//1025 1012//973 1011//972
f 1055//1018 1117//1025 1056//1079
f 1054//1023 1058//1022 1059//1080
f 1054//1023 1059//1080 1082//1013
f 1049//1081 1060//1027 1061//1028
f 1006//970 1062//1029 1117//1025
f 1006//970 1117//1025 1011//972
f 1118//1082 1116//1024 1060//1027
f 1118//1082 1060//1027 1049//1081
f 1057//1019 1056//1079 1116//1024
f 1057//1019 1116//1024 1118//1082
f 1062//1029 1064//1026 1117//1025
f 1058//1022 1053//1021 1057//1019
f 1084//1042 1089//1047 1115//1078
f 1057//1019 1118//1082 1058//1022
f 1058//1022 1122//1083 1059//1080
f 1058//1022 1118//1082 1122//1083
f 1059//1080 1122//1083 1080//1041
f 1122//1083 1118//1082 1049//1081
f 1066//1031 1051//1016 1065//1015
f 1082//1013 1048//1011 1054//1023
f 1050//1014 1051//1016 1067//1084
f 1119//1085 1050//1014 1067//1084
f 1119//1085 1067//1084 1068//1086
f 1119//1085 1068//1086 1120//1087
f 1120//1087 1068//1086 1069//1088
f 1121//1032 1069//1088 1070//1033
f 1121//1032 1120//1087 1069//1088
f 1076//1089 1119//1085 1120//1087
f 1050//1014 1076//1089 1061//1028
f 1061//1028 1123//1090 1049//1081
f 1049//1081 1123//1090 1122//1083
f 1082//1013 1059//1080 1080//1041
f 1082//1013 1080//1041 1079//1040
f 1050//1014 1119//1085 1076//1089
f 1061//1028 1076//1089 1123//1090
f 1122//1083 1078//1039 1080//1041
f 1076//1089 1075//1091 1123//1090
f 1123//1090 1125//1092 1122//1083
f 1122//1083 1125//1092 1078//1039
f 1075//1091 1076//1089 1074//1093
f 1074//1093 1124//1035 1073//1037
f 1123//1090 1075//1091 1125//1092
f 1071//1034 1120//1087 1121//1032
f 1075//1091 1074//1093 1125//1092
f 1074//1093 1076//1089 1120//1087
f 1125//1092 1074//1093 1073//1037
f 1081//1012 1082//1013 1079//1040
f 1125//1092 1073//1037 1078//1039
f 1074//1093 1120//1087 1071//1034
f 1074//1093 1071//1034 1124//1035
f 1103//1005 1042//988 1102//1069
f 1102//1069 1101//1067 1103//1005
f 1103//1005 1101//1067 1126//1002
f 1100//1055 1126//1002 1101//1067
f 1099//1065 1100//1055 1109//1054
f 1099//1065 1098//1049 1035//1000
f 1035//1000 1127//1052 1036//1001
f 1126//1002 1100//1055 1134//1003
f 1134//1003 1100//1055 1136//1094
f 1100//1055 1099//1065 1136//1094
f 1136//1094 1099//1065 1038//1095
f 1099//1065 1035//1000 1038//1095
f 1038//1095 1035//1000 1037//999
f 1023//989 1039//1007 1024//1059
f 1027//992 1025//991 1028//994
f 1024//1059 1039//1007 1128//1006
f 1024//1059 1128//1006 1025//991
f 1025//991 1129//1096 1028//994
f 1028//994 1130//996 1030//995
f 1025//991 1128//1006 1129//1096
f 1128//1006 1131//1004 1129//1096
f 1028//994 1129//1096 1130//996
f 1129//1096 1132//1097 1130//996
f 1129//1096 1131//1004 1133//1098
f 1129//1096 1133//1098 1132//1097
f 1130//996 1132//1097 1032//998
f 1131//1004 1134//1003 1133//1098
f 1133//1098 1135//1099 1132//1097
f 1133//1098 1134//1003 1135//1099
f 1132//1097 1135//1099 1032//998
f 1134//1003 1136//1094 1135//1099
f 1032//998 1135//1099 1033//1100
f 1136//1094 1137//1058 1135//1099
f 1135//1099 1137//1058 1033//1100
f 1137//1058 1034//1057 1033//1100
f 1136//1094 1038//1095 1137//1058
f 1137//1058 1038//1095 1037//999
f 1094//1051 1036//1001 1127//1052
f 950//909 1140//1101 1006//970
f 1051//1016 1143//1102 1138//1103
f 1051//1016 1138//1103 1067//1084
f 1068//1086 1139//1104 1144//1105
f 1140//1101 950//909 1141//1106
f 1141//1106 950//909 948//907
f 1141//1106 948//907 947//906
f 1062//1029 1142//1107 1063//1030
f 1062//1029 1140//1101 1142//1107
f 1063//1030 1142//1107 1066//1031
f 1142//1107 1143//1102 1066//1031
f 1066//1031 1143//1102 1051//1016
f 1067//1084 1138//1103 1068//1086
f 1068//1086 1138//1103 1145//1108
f 1068//1086 1145//1108 1139//1104
f 1145//1108 1138//1103 1146//1109
f 1138//1103 1147//1110 1146//1109
f 1146//1109 1147//1110 1148//1111
f 1148//1111 1147//1110 1149//1112
f 1149//1112 1147//1110 1150//1113
f 1149//1112 1150//1113 1151//1114
f 1145//1108 1146//1109 1152//1115
f 1152//1115 1146//1109 1153//1116
f 1152//1115 1153//1116 1154//1117
f 1154//1117 1153//1116 1155//1118
f 1155//1118 1156//1119 1154//1117
f 1154//1117 1156//1119 1157//1120
f 1139//1104 1145//1108 1158//1121
f 1158//1121 1159//1122 1139//1104
f 1159//1122 1158//1121 1160//1123
f 1160//1123 1158//1121 1161//1118
f 1161//1118 1162//1119 1160//1123
f 1160//1123 1162//1119 1163//1120
f 1144//1105 1139//1104 1164//1124
f 1144//1105 1164//1124 1165//1125
f 1165//1125 1164//1124 1166//1126
f 1165//1125 1166//1126 1167//1127
f 1166//1126 1168//1128 1167//1127
f 1167//1127 1168//1128 1169//1129
f 1068//1086 1144//1105 1170//1130
f 1068//1086 1170//1130 1069//1088
f 1069//1088 1170//1130 1171//1131
f 1069//1088 1171//1131 1070//1033
f 1070//1033 1171//1131 1172//1132
f 1062//1029 1006//970 1140//1101
f 994//952 1001//960 1255//1133
f 1256//1134 1296//1135 1257//1136
f 1259//1137 1184//1138 1260//1139
f 1173//1140 1174//1141 1175//1142
f 1176//1143 1177//1144 1239//1145
f 1239//1145 1177//1144 1178//1146
f 1236//1147 1179//1148 1234//1149
f 1234//1149 1179//1148 1180//1150
f 1180//1150 1276//1151 1230//1152
f 1230//1152 1276//1151 1228//1153
f 1001//960 996//955 1298//1154
f 1186//1155 1185//1156 1274//1157
f 996//955 999//957 1275//1158
f 1273//1159 999//957 1188//1160
f 1262//1161 1192//1162 1193//1163
f 1250//1164 1278//1165 1181//1166
f 1192//1162 1194//1167 1193//1163
f 1193//1163 1201//1168 1197//1169
f 1193//1163 1194//1167 1201//1168
f 1194//1167 1199//1170 1201//1168
f 1278//1165 1197//1169 1181//1166
f 1202//1171 1203//1172 1251//1173
f 1251//1173 1203//1172 1204//1174
f 1206//1175 1205//1176 1210//1177
f 1204//1174 1203//1172 1211//1178
f 1204//1174 1211//1178 1205//1176
f 1211//1178 1212//1179 1210//1177
f 1206//1175 1210//1177 1207//1180
f 1207//1180 1213//1181 1208//1182
f 1254//1183 1208//1182 1214//1184
f 1215//1185 1214//1184 1216//1186
f 1209//1187 1223//1188 1284//1189
f 1209//1187 1217//1190 1218//1191
f 1216//1186 1219//1192 1217//1190
f 1216//1186 1220//1193 1219//1192
f 1223//1188 1221//1194 1284//1189
f 1219//1192 1224//1195 1285//1196
f 1219//1192 1222//1197 1224//1195
f 1223//1188 1285//1196 1265//1198
f 1285//1196 1224//1195 1225//1199
f 1285//1196 1225//1199 1265//1198
f 1220//1193 1229//1200 1226//1201
f 1229//1200 1231//1202 1232//1203
f 1233//1204 1232//1203 1235//1205
f 1233//1204 1236//1147 1234//1149
f 1232//1203 1231//1202 1235//1205
f 1235//1205 1231//1202 1237//1206
f 1237//1206 1238//1207 1178//1146
f 1241//1208 1242//1209 1240//1210
f 1240//1210 1175//1142 1176//1143
f 1242//1209 1175//1142 1240//1210
f 1242//1209 1173//1140 1175//1142
f 1244//1211 1173//1140 1243//1212
f 1245//1213 1260//1139 1244//1211
f 1250//1164 1181//1166 1284//1189
f 1198//1214 1251//1173 1199//1170
f 1198//1214 1202//1171 1251//1173
f 1251//1173 1200//1215 1199//1170
f 1204//1174 1205//1176 1252//1216
f 1252//1216 1205//1176 1206//1175
f 1251//1173 1204//1174 1252//1216
f 1253//1217 1206//1175 1207//1180
f 1253//1217 1207//1180 1254//1183
f 1254//1183 1207//1180 1208//1182
f 1249//1218 1255//1133 1248//1219
f 1255//1133 1249//1218 994//952
f 1250//1164 1261//1220 1262//1161
f 1261//1220 1250//1164 1221//1194
f 1261//1220 1263//1221 1262//1161
f 1264//1222 1261//1220 1265//1198
f 1265//1198 1261//1220 1221//1194
f 1262//1161 1263//1221 1189//1223
f 1263//1221 1261//1220 1264//1222
f 1263//1221 1266//1224 1267//1225
f 1263//1221 1267//1225 1189//1223
f 1268//1226 1263//1221 1264//1222
f 1269//1227 1264//1222 1265//1198
f 1266//1224 1263//1221 1268//1226
f 1268//1226 1264//1222 1269//1227
f 1225//1199 1269//1227 1265//1198
f 1270//1228 1269//1227 1225//1199
f 1271//1229 1268//1226 1269//1227
f 1266//1224 1188//1160 1267//1225
f 1271//1229 1269//1227 1270//1228
f 1272//1230 1266//1224 1268//1226
f 1272//1230 1268//1226 1271//1229
f 1266//1224 1273//1159 1188//1160
f 1273//1159 1266//1224 1272//1230
f 1274//1157 1272//1230 1271//1229
f 1273//1159 1272//1230 1275//1158
f 1276//1151 1271//1229 1270//1228
f 1275//1158 1272//1230 1274//1157
f 1274//1157 1271//1229 1187//1231
f 1187//1231 1271//1229 1276//1151
f 1276//1151 1270//1228 1228//1153
f 1273//1159 1275//1158 999//957
f 1185//1156 1275//1158 1274//1157
f 1186//1155 1274//1157 1187//1231
f 999//957 998//958 1188//1160
f 1267//1225 1188//1160 1277//1232
f 1267//1225 1192//1162 1189//1223
f 1267//1225 1277//1232 1192//1162
f 1262//1161 1278//1165 1250//1164
f 998//958 1190//1233 1188//1160
f 1188//1160 1190//1233 1277//1232
f 1189//1223 1192//1162 1262//1161
f 1190//1233 1191//1234 1277//1232
f 1262//1161 1193//1163 1278//1165
f 1192//1162 1277//1232 1191//1234
f 1192//1162 1191//1234 1195//1235
f 1192//1162 1195//1235 1194//1167
f 1195//1235 1196//1236 1194//1167
f 1196//1236 1198//1214 1194//1167
f 1193//1163 1197//1169 1278//1165
f 1194//1167 1198//1214 1199//1170
f 1199//1170 1200//1215 1201//1168
f 1252//1216 1206//1175 1253//1217
f 1181//1166 1197//1169 1279//1237
f 1201//1168 1200//1215 1251//1173
f 1201//1168 1251//1173 1280//1238
f 1280//1238 1251//1173 1252//1216
f 1280//1238 1252//1216 1253//1217
f 1281//1239 1253//1217 1254//1183
f 1201//1168 1280//1238 1197//1169
f 1280//1238 1253//1217 1281//1239
f 1281//1239 1254//1183 1282//1240
f 1181//1166 1279//1237 1284//1189
f 1197//1169 1280//1238 1283//1241
f 1283//1241 1280//1238 1281//1239
f 1283//1241 1281//1239 1282//1240
f 1279//1237 1197//1169 1283//1241
f 1211//1178 1210//1177 1205//1176
f 1283//1241 1282//1240 1209//1187
f 1284//1189 1279//1237 1283//1241
f 1284//1189 1283//1241 1209//1187
f 1254//1183 1214//1184 1215//1185
f 1254//1183 1215//1185 1282//1240
f 1282//1240 1215//1185 1209//1187
f 1209//1187 1215//1185 1217//1190
f 1215//1185 1216//1186 1217//1190
f 1209//1187 1218//1191 1223//1188
f 1217//1190 1219//1192 1285//1196
f 1219//1192 1220//1193 1222//1197
f 1218//1191 1217//1190 1285//1196
f 1218//1191 1285//1196 1223//1188
f 1284//1189 1221//1194 1250//1164
f 1222//1197 1220//1193 1226//1201
f 1286//1242 1227//1243 1228//1153
f 1223//1188 1265//1198 1221//1194
f 1286//1242 1226//1201 1227//1243
f 1222//1197 1226//1201 1224//1195
f 1224//1195 1226//1201 1286//1242
f 1287//1244 1286//1242 1228//1153
f 1227//1243 1226//1201 1229//1200
f 1287//1244 1228//1153 1270//1228
f 1229//1200 1232//1203 1227//1243
f 1224//1195 1286//1242 1287//1244
f 1224//1195 1287//1244 1225//1199
f 1225//1199 1287//1244 1270//1228
f 1230//1152 1233//1204 1234//1149
f 1230//1152 1234//1149 1180//1150
f 1236//1147 1235//1205 1237//1206
f 1232//1203 1233//1204 1227//1243
f 1233//1204 1235//1205 1236//1147
f 1230//1152 1227//1243 1233//1204
f 1228//1153 1227//1243 1230//1152
f 1236//1147 1237//1206 1178//1146
f 1239//1145 1240//1210 1176//1143
f 1239//1145 1178//1146 1238//1207
f 1179//1148 1236//1147 1178//1146
f 1175//1142 1174//1141 1184//1138
f 1175//1142 1184//1138 1176//1143
f 1176//1143 1184//1138 1288//1245
f 1176//1143 1288//1245 1177//1144
f 1178//1146 1177//1144 1289//1246
f 1178//1146 1289//1246 1179//1148
f 1174//1141 1173//1140 1244//1211
f 1256//1134 1248//1219 1255//1133
f 1288//1245 1290//1247 1177//1144
f 1177//1144 1290//1247 1289//1246
f 1289//1246 1292//1248 1179//1148
f 1179//1148 1292//1248 1180//1150
f 1174//1141 1260//1139 1184//1138
f 1260//1139 1245//1213 1259//1137
f 1258//1249 1247//1250 1296//1135
f 1256//1134 1257//1136 1248//1219
f 1260//1139 1174//1141 1244//1211
f 1180//1150 1187//1231 1276//1151
f 1288//1245 1294//1251 1290//1247
f 1290//1247 1291//1252 1289//1246
f 1289//1246 1291//1252 1292//1248
f 1292//1248 1293//1253 1180//1150
f 1180//1150 1293//1253 1187//1231
f 1259//1137 1246//1254 1258//1249
f 1258//1249 1246//1254 1247//1250
f 1296//1135 1247//1250 1257//1136
f 1184//1138 1294//1251 1288//1245
f 1290//1247 1294//1251 1291//1252
f 1292//1248 1295//1255 1293//1253
f 1245//1213 1246//1254 1259//1137
f 1184//1138 1259//1137 1294//1251
f 1294//1251 1183//1256 1291//1252
f 1291//1252 1295//1255 1292//1248
f 1293//1253 1186//1155 1187//1231
f 1259//1137 1258//1249 1294//1251
f 1291//1252 1183//1256 1295//1255
f 1295//1255 1297//1257 1293//1253
f 1293//1253 1297//1257 1186//1155
f 1258//1249 1296//1135 1294//1251
f 1294//1251 1296//1135 1183//1256
f 1183//1256 1182//1258 1295//1255
f 1295//1255 1182//1258 1297//1257
f 1183//1256 1256//1134 1182//1258
f 1297//1257 1185//1156 1186//1155
f 1296//1135 1256//1134 1183//1256
f 1297//1257 1298//1154 1185//1156
f 1182//1258 1298//1154 1297//1257
f 1256//1134 1255//1133 1182//1258
f 1298//1154 996//955 1185//1156
f 1182//1258 1255//1133 1298//1154
f 1298//1154 1255//1133 1001//960
f 1185//1156 996//955 1275//1158
f 937//963 1320//1259 1300//1260
f 1301//1261 1300//1260 1320//1259
f 1301//1261 1320//1259 1302//1262
f 1302//1262 1303//1263 1304//1264
f 1299//1265 936//962 935//965
f 1299//1265 935//965 1309//1266
f 935//965 934//967 1309//1266
f 1309//1266 934//967 1310//1267
f 1319//1268 1313//1269 1314//1270
f 1319//1268 1314//1270 1315//1271
f 1319//1268 1315//1271 1316//1272
f 1316//1272 1318//1273 1319//1268
f 1313//1269 1319//1268 1312//1274
f 1311//1275 1312//1274 1309//1266
f 936//962 1299//1265 937//963
f 1299//1265 1320//1259 937//963
f 1320//1259 1303//1263 1302//1262
f 1305//1276 1303//1263 1306//1277
f 1306//1277 1303//1263 1308//1278
f 1306//1277 1308//1278 1307//1279
f 1311//1275 1309//1266 1310//1267
f 1313//1269 1312//1274 1311//1275
f 1317//1280 1318//1273 1316//1272
f 1304//1264 1303//1263 1305//1276
f 998//958 1000//959 1190//1233
f 1190//1233 1000//959 1321//1281
f 1190//1233 1321//1281 1322//1282
f 1190//1233 1322//1282 1191//1234
f 1337//1283 1323//1284 1324//1285
f 1322//1282 1325//1286 1301//1261
f 1322//1282 1301//1261 1191//1234
f 1191//1234 1301//1261 1195//1235
f 1195//1235 1301//1261 1302//1262
f 1195//1235 1302//1262 1196//1236
f 1196//1236 1302//1262 1198//1214
f 1198//1214 1302//1262 1304//1264
f 1198//1214 1304//1264 1202//1171
f 1202//1171 1304//1264 1305//1276
f 1326//1287 1305//1276 1327//1288
f 1301//1261 1325//1286 1300//1260
f 1300//1260 1325//1286 1329//1289
f 1300//1260 1329//1289 937//963
f 937//963 1329//1289 1003//964
f 1305//1276 1306//1277 1327//1288
f 1327//1288 1306//1277 1328//1290
f 1328//1290 1306//1277 1330//1291
f 1330//1291 1306//1277 1331//1292
f 1331//1292 1306//1277 1307//1279
f 1331//1292 1307//1279 1332//1293
f 1332//1293 1307//1279 1333//1294
f 1327//1288 1328//1290 1334//1295
f 1327//1288 1334//1295 1335//1296
f 1305//1276 1326//1287 1323//1284
f 1326//1287 1324//1285 1323//1284
f 1324//1285 1340//1297 1337//1283
f 1337//1283 1340//1297 1338//1298
f 1338//1298 1340//1297 1339//1299
f 1339//1299 1340//1297 1341//1300
f 1341//1300 1340//1297 1342//1301
f 1337//1283 1338//1298 1344//1302
f 1337//1283 1344//1302 1345//1303
f 1305//1276 1323//1284 1347//1304
f 1349//1305 1347//1304 1348//1306
f 1323//1284 1348//1306 1347//1304
f 1349//1305 1348//1306 1350//1307
f 1350//1307 1348//1306 1351//1308
f 1350//1307 1351//1308 1352//1309
f 1352//1309 1351//1308 1353//1310
f 1353//1310 1351//1308 1354//1311
f 1349//1305 1350//1307 1355//1312
f 1349//1305 1355//1312 1356//1313
f 1349//1305 1356//1313 1357//1314
f 1305//1276 1347//1304 1202//1171
f 1203//1172 1202//1171 1359//1315
f 1203//1172 1359//1315 1360//1316
f 1361//1317 1360//1316 1359//1315
f 1361//1317 1359//1315 1362//1318
f 1361//1317 1362//1318 1363//1319
f 1363//1319 1362//1318 1364//1310
f 1364//1310 1362//1318 1365//1311
f 1202//1171 1347//1304 1359//1315
f 1203//1172 1360//1316 1366//1320
f 1203//1172 1366//1320 1211//1178
f 1211//1178 1366//1320 1367//1321
f 1211//1178 1367//1321 1212//1179
f 1367//1321 1368//1322 1212//1179
f 982//941 1381//1323 980//939
f 980//939 1381//1323 1369//1324
f 980//939 1369//1324 1370//1325
f 980//939 1370//1325 990//949
f 990//949 1370//1325 992//951
f 992//951 1370//1325 1371//1326
f 992//951 1371//1326 991//950
f 991//950 1371//1326 1372//1327
f 991//950 1372//1327 1373//1328
f 991//950 1373//1328 989//948
f 989//948 1373//1328 1374//1329
f 989//948 1374//1329 988//947
f 988//947 1374//1329 981//940
f 981//940 1374//1329 1375//1330
f 981//940 1375//1330 983//942
f 983//942 1375//1330 1376//1331
f 983//942 1376//1331 985//944
f 985//944 1376//1331 1377//1332
f 985//944 1377//1332 1378//1333
f 985//944 1378//1333 987//946
f 987//946 1378//1333 986//945
f 986//945 1378//1333 1379//1334
f 986//945 1379//1334 984//943
f 984//943 1379//1334 1380//1335
f 984//943 1380//1335 982//941
f 982//941 1380//1335 1381//1323
f 969//928 1394//1336 967//926
f 967//926 1394//1336 1382//1337
f 967//926 1382//1337 976//935
f 976//935 1382//1337 977//936
f 977//936 1382//1337 1383//1338
f 977//936 1383//1338 979//938
f 979//938 1383//1338 1384//1339
f 979//938 1384//1339 1385//1340
f 979//938 1385//1340 978//937
f 978//937 1385//1340 1386//1341
f 978//937 1386//1341 975//934
f 975//934 1386//1341 1387//1342
f 975//934 1387//1342 1388//1343
f 975//934 1388//1343 968//927
f 968//927 1388//1343 1389//1344
f 968//927 1389//1344 970//929
f 970//929 1389//1344 972//931
f 972//931 1389//1344 1390//1345
f 972//931 1390//1345 974//933
f 974//933 1390//1345 1391//1346
f 974//933 1391//1346 973//932
f 973//932 1391//1346 1392//1347
f 973//932 1392//1347 971//930
f 971//930 1392//1347 1393//1348
f 971//930 1393//1348 969//928
f 969//928 1393//1348 1394//1336
f 952//911 1406//1349 960//919
f 960//919 1406//1349 1395//1350
f 960//919 1395//1350 963//922
f 963//922 1395//1350 1396//1351
f 963//922 1396//1351 965//924
f 965//924 1396//1351 1397//1352
f 965//924 1397//1352 966//925
f 966//925 1397//1352 1398//1353
f 966//925 1398//1353 964//923
f 964//923 1398//1353 1399//1354
f 964//923 1399//1354 962//921
f 962//921 1399//1354 1400//1355
f 962//921 1400//1355 961//920
f 961//920 1400//1355 953//912
f 953//912 1400//1355 1401//1356
f 953//912 1401//1356 954//913
f 954//913 1401//1356 1402//1357
f 954//913 1402//1357 956//915
f 956//915 1402//1357 1403//1358
f 956//915 1403//1358 958//917
f 958//917 1403//1358 959//918
f 959//918 1403//1358 1404//1359
f 959//918 1404//1359 957//916
f 957//916 1404//1359 1405//1360
f 957//916 1405//1360 955//914
f 955//914 1405//1360 1406//1349
f 955//914 1406//1349 952//911
f 938//898 1008//984 1407//1361
f 1413//1362 1026//990 1414//1363
f 1414//1363 1026//990 1104//1060
f 1414//1363 1104//1060 1415//1364
f 1415//1364 1104//1060 1108//1064
f 1415//1364 1108//1064 1416//1365
f 1417//1366 1413//1362 1418//1367
f 1418//1367 1413//1362 1419//1368
f 1419//1368 1420//1369 1418//1367
f 1420//1369 1419//1368 1421//1370
f 1421//1370 1422//1371 1420//1369
f 1422//1371 1421//1370 1423//1372
f 1424//1373 1417//1366 1425//1374
f 1425//1374 1417//1366 1426//1375
f 1426//1375 1427//1376 1425//1374
f 1427//1376 1426//1375 1428//1377
f 1428//1377 1429//1378 1427//1376
f 1429//1378 1428//1377 1430//1372
f 1417//1366 1424//1373 1026//990
f 1432//1379 1431//1380 1433//1381
f 1433//1381 1431//1380 1434//1382
f 1434//1382 1435//1383 1433//1381
f 1434//1382 1436//1384 1435//1383
f 1436//1384 1434//1382 1437//1385
f 1431//1380 1432//1379 1424//1373
f 1424//1373 1432//1379 1411//1386
f 1432//1379 1412//1387 1411//1386
f 1411//1386 1412//1387 1438//1388
f 1411//1386 1438//1388 1439//1389
f 1438//1388 1440//1390 1439//1389
f 1439//1389 1440//1390 1441//1391
f 1440//1390 1442//1392 1441//1391
f 1407//1361 941//900 938//898
f 1407//1361 942//901 941//900
f 1408//1393 1407//1361 1021//986
f 1021//986 1407//1361 1008//984
f 1409//1394 1408//1393 1021//986
f 1107//1063 1409//1394 1021//986
f 1410//1395 1409//1394 1105//1061
f 1105//1061 1409//1394 1107//1063
f 1106//1062 1410//1395 1105//1061
f 1411//1386 1410//1395 1106//1062
f 1411//1386 1106//1062 1026//990
f 1413//1362 1417//1366 1026//990
f 1411//1386 1026//990 1424//1373
f 1325//1286 1322//1282 1456//1396
f 1456//1396 1322//1282 1451//1397
f 1443//1398 1000//959 997//956
f 1443//1398 997//956 1444//1399
f 1444//1399 997//956 995//954
f 1444//1399 995//954 1445//1400
f 1445//1400 995//954 993//953
f 1445//1400 993//953 1446//1401
f 1445//1400 1446//1401 1447//1402
f 1447//1402 1446//1401 1448//1403
f 1448//1403 1446//1401 1449//1404
f 1000//959 1443//1398 1321//1281
f 1321//1281 1443//1398 1450//1405
f 1321//1281 1450//1405 1322//1282
f 1322//1282 1450//1405 1451//1397
f 1452//1406 1005//968 1004//966
f 1452//1406 1004//966 1453//1407
f 1453//1407 1004//966 1002//961
f 1453//1407 1002//961 1454//1408
f 1454//1408 1002//961 1003//964
f 1454//1408 1003//964 1455//1409
f 1455//1409 1003//964 1329//1289
f 1455//1409 1329//1289 1325//1286
f 1455//1409 1325//1286 1456//1396
f 1005//968 1452//1406 1457//1410
f 1457//1410 1452//1406 1458//1411
f 1457//1410 1458//1411 1459//1412
f 1457//1410 1459//1412 1460//1413
f 1449//1404 1460//1413 1448//1403
f 1448//1403 1460//1413 1459//1412
f 1400//1355 1394//1336 1401//1356
f 1401//1356 1394//1336 1393//1348
f 1401//1356 1393//1348 1402//1357
f 1402//1357 1393//1348 1392//1347
f 1402//1357 1392//1347 1403//1358
f 1403//1358 1392//1347 1391//1346
f 1403//1358 1391//1346 1448//1403
f 1403//1358 1448//1403 1459//1412
f 1403//1358 1459//1412 1404//1359
f 1404//1359 1459//1412 1377//1332
f 1394//1336 1400//1355 1382//1337
f 1382//1337 1400//1355 1399//1354
f 1382//1337 1399//1354 1383//1338
f 1383//1338 1399//1354 1398//1353
f 1383//1338 1398//1353 1451//1397
f 1451//1397 1398//1353 1397//1352
f 1451//1397 1397//1352 1456//1396
f 1456//1396 1397//1352 1372//1327
f 1372//1327 1397//1352 1373//1328
f 1373//1328 1397//1352 1396//1351
f 1373//1328 1396//1351 1395//1350
f 1373//1328 1395//1350 1374//1329
f 1374//1329 1395//1350 1406//1349
f 1374//1329 1406//1349 1375//1330
f 1375//1330 1406//1349 1376//1331
f 1376//1331 1406//1349 1405//1360
f 1376//1331 1405//1360 1377//1332
f 1377//1332 1405//1360 1404//1359
f 1388//1343 1444//1399 1389//1344
f 1389//1344 1444//1399 1445//1400
f 1389//1344 1445//1400 1390//1345
f 1390//1345 1445//1400 1447//1402
f 1390//1345 1447//1402 1448//1403
f 1390//1345 1448//1403 1391//1346
f 1444//1399 1388//1343 1387//1342
f 1444//1399 1387//1342 1443//1398
f 1443//1398 1387//1342 1386//1341
f 1443//1398 1386//1341 1450//1405
f 1450//1405 1386//1341 1385//1340
f 1450//1405 1385//1340 1451//1397
f 1451//1397 1385//1340 1384//1339
f 1451//1397 1384//1339 1383//1338
f 1372//1327 1371//1326 1456//1396
f 1456//1396 1371//1326 1455//1409
f 1455//1409 1371//1326 1370//1325
f 1455//1409 1370//1325 1454//1408
f 1454//1408 1370//1325 1369//1324
f 1454//1408 1369//1324 1453//1407
f 1453//1407 1369//1324 1381//1323
f 1453//1407 1381//1323 1380//1335
f 1453//1407 1380//1335 1452//1406
f 1452//1406 1380//1335 1379//1334
f 1452//1406 1379//1334 1458//1411
f 1458//1411 1379//1334 1378//1333
f 1458//1411 1378//1333 1459//1412
f 1459//1412 1378//1333 1377//1332
f 993//953 994//952 1446//1401
f 1446//1401 994//952 1249//1218
f 1446//1401 1249//1218 1449//1404
f 1449//1404 1249//1218 1248//1219
f 1460//1413 1449//1404 1311//1275
f 1449//1404 1248//1219 1311//1275
f 1311//1275 1257//1136 1313//1269
f 1248//1219 1257//1136 1311//1275
f 1257//1136 1247//1250 1313//1269
f 1313//1269 1247//1250 1314//1270
f 1247//1250 1246//1254 1314//1270
f 1314//1270 1463//1414 1464//1415
f 1314//1270 1246//1254 1465//1416
f 1314//1270 1465//1416 1463//1414
f 1246//1254 1245//1213 1465//1416
f 1465//1416 1245//1213 1466//1417
f 1466//1417 1245//1213 1467//1418
f 1245//1213 1468//1419 1467//1418
f 1244//1211 1469//1420 1245//1213
f 1244//1211 1470//1421 1469//1420
f 1243//1212 1470//1421 1244//1211
f 1243//1212 1471//1422 1470//1421
f 1245//1213 1469//1420 1468//1419
f 1466//1417 1467//1418 1472//1423
f 1466//1417 1472//1423 1473//1424
f 1463//1414 1465//1416 1476//1425
f 1465//1416 1475//1426 1476//1425
f 1476//1425 1475//1426 1477//1427
f 1477//1427 1475//1426 1478//1428
f 1478//1428 1475//1426 1479//1429
f 1478//1428 1479//1429 1480//1430
f 1480//1430 1479//1429 1481//1431
f 1477//1427 1482//1432 1476//1425
f 1476//1425 1482//1432 1483//1433
f 1483//1433 1482//1432 1484//1434
f 1483//1433 1484//1434 1485//1435
f 1464//1415 1463//1414 1487//1436
f 1463//1414 1486//1426 1487//1436
f 1487//1436 1486//1426 1488//1437
f 1488//1437 1486//1426 1489//1438
f 1489//1438 1486//1426 1490//1429
f 1489//1438 1490//1429 1491//1439
f 1491//1439 1490//1429 1492//1431
f 1488//1437 1493//1440 1487//1436
f 1487//1436 1493//1440 1494//1433
f 1494//1433 1493//1440 1495//1434
f 1494//1433 1495//1434 1496//1435
f 1314//1270 1464//1415 1315//1271
f 1315//1271 1464//1415 1461//1441
f 1461//1441 1462//1442 1315//1271
f 1497//1443 1498//1444 1461//1441
f 1497//1443 1501//1445 1499//1446
f 1500//1431 1501//1445 1497//1443
f 1499//1446 1498//1444 1497//1443
f 1461//1441 1498//1444 1462//1442
f 1315//1271 1462//1442 1316//1272
f 1316//1272 1462//1442 1502//1447
f 1316//1272 1502//1447 1503//1448
f 1316//1272 1503//1448 1317//1280
f 1503//1448 1504//1449 1317//1280
f 1460//1413 1311//1275 1457//1410
f 1457//1410 934//967 1005//968
f 1311//1275 1310//1267 1457//1410
f 1310//1267 934//967 1457//1410
f 1500//1431 1497//1443 1505//1450
f 1497//1443 1461//1441 1505//1450
f 1505//1450 1461//1441 1506//1451
f 1506//1451 1464//1415 1507//1452
f 1507//1452 1487//1436 1496//1435
f 1496//1435 1487//1436 1494//1433
f 1506//1451 1461//1441 1464//1415
f 1507//1452 1464//1415 1487//1436
f 1354//1311 1351//1308 1508//1453
f 1351//1308 1348//1306 1508//1453
f 1508//1453 1348//1306 1509//1454
f 1509//1454 1323//1284 1510//1455
f 1510//1455 1337//1283 1346//1456
f 1346//1456 1337//1283 1345//1303
f 1509//1454 1348//1306 1323//1284
f 1510//1455 1323//1284 1337//1283
f 1343//1457 1342//1301 1511//1458
f 1511//1458 1342//1301 1340//1297
f 1511//1458 1340//1297 1512//1459
f 1512//1459 1340//1297 1324//1285
f 1512//1459 1326//1287 1513//1460
f 1513//1460 1326//1287 1327//1288
f 1513//1460 1327//1288 1336//1461
f 1336//1461 1327//1288 1335//1296
f 1324//1285 1326//1287 1512//1459
f 1492//1431 1490//1429 1514//1462
f 1490//1429 1486//1426 1514//1462
f 1514//1462 1486//1426 1515//1451
f 1515//1451 1463//1414 1516//1452
f 1516//1452 1476//1425 1485//1435
f 1485//1435 1476//1425 1483//1433
f 1515//1451 1486//1426 1463//1414
f 1516//1452 1463//1414 1476//1425
f 1365//1311 1362//1318 1517//1463
f 1362//1318 1359//1315 1517//1463
f 1517//1463 1359//1315 1518//1464
f 1518//1464 1347//1304 1519//1465
f 1519//1465 1349//1305 1358//1466
f 1518//1464 1359//1315 1347//1304
f 1519//1465 1347//1304 1349//1305
f 1358//1466 1349//1305 1357//1314
f 1481//1431 1479//1429 1520//1462
f 1479//1429 1475//1426 1520//1462
f 1520//1462 1475//1426 1521//1451
f 1521//1451 1465//1416 1522//1467
f 1522//1467 1466//1417 1474//1468
f 1521//1451 1475//1426 1465//1416
f 1522//1467 1465//1416 1466//1417
f 1474//1468 1466//1417 1473//1424
f 1523//1469 1524//1470 1525//1471
f 1525//1471 1524//1470 1526//1472
f 1525//1471 1526//1472 1527//1473
f 1527//1473 1526//1472 1528//1474
f 1527//1473 1528//1474 1529//1475
f 1529//1475 1528//1474 1530//1476
f 1531//1477 1523//1469 1525//1471
f 1531//1477 1525//1471 1532//1478
f 1532//1478 1525//1471 1533//1479
f 1533//1479 1525//1471 1527//1473
f 1533//1479 1527//1473 1534//1480
f 1534//1480 1527//1473 1539//1481
f 1539//1481 1527//1473 1535//1482
f 1535//1482 1527//1473 1536//1483
f 1536//1483 1527//1473 1529//1475
f 1533//1479 1534//1480 1538//1484
f 1538//1484 1534//1480 1537//1485
f 1530//1476 1318//1273 1529//1475
f 1529//1475 1318//1273 1536//1483
f 1536//1483 1318//1273 1317//1280
f 1536//1483 1317//1280 1150//1113
f 1150//1113 1317//1280 1151//1114
f 1151//1114 1317//1280 1504//1449
f 1524//1470 1523//1469 1308//1278
f 1308//1278 1523//1469 1531//1477
f 1308//1278 1531//1477 1307//1279
f 1307//1279 1531//1477 1441//1391
f 1307//1279 1441//1391 1442//1392
f 1442//1392 1333//1294 1307//1279
f 1079//1040 1238//1207 1237//1206
f 1079//1040 1237//1206 1081//1012
f 1081//1012 1237//1206 1231//1202
f 1081//1012 1231//1202 1084//1042
f 1084//1042 1231//1202 1229//1200
f 1084//1042 1229//1200 1086//1046
f 1086//1046 1229//1200 1036//1001
f 1036//1001 1229//1200 1220//1193
f 1036//1001 1220//1193 1037//999
f 1037//999 1220//1193 1034//1057
f 1034//1057 1220//1193 1216//1186
f 1034//1057 1216//1186 1033//1100
f 1216//1186 1214//1184 1033//1100
f 1077//1038 1240//1210 1239//1145
f 1077//1038 1239//1145 1079//1040
f 1079//1040 1239//1145 1238//1207
f 1240//1210 1077//1038 1072//1036
f 1240//1210 1072//1036 1241//1208
f 1033//1100 1214//1184 1032//998
f 1032//998 1214//1184 1208//1182
f 1032//998 1208//1182 1031//997
f 1031//997 1208//1182 1213//1181
f 1213//1181 1207//1180 1031//997
f 1031//997 1207//1180 1030//995
f 1030//995 1207//1180 1210//1177
f 1030//995 1210//1177 1029//993
f 1029//993 1210//1177 1212//1179
f 1029//993 1212//1179 1108//1064
f 1108//1064 1212//1179 1416//1365
f 1416//1365 1212//1179 1368//1322
f 1242//1209 1241//1208 1072//1036
f 1242//1209 1072//1036 1071//1034
f 1242//1209 1071//1034 1173//1140
f 1173//1140 1071//1034 1070//1033
f 1173//1140 1070//1033 1243//1212
f 1243//1212 1070//1033 1471//1422
f 1471//1422 1070//1033 1172//1132
f 1481//1431 1168//1128 1480//1430
f 1480//1430 1168//1128 1166//1126
f 1480//1430 1166//1126 1478//1428
f 1478//1428 1166//1126 1164//1124
f 1478//1428 1164//1124 1477//1427
f 1477//1427 1164//1124 1139//1104
f 1477//1427 1139//1104 1482//1432
f 1482//1432 1139//1104 1159//1122
f 1482//1432 1159//1122 1160//1123
f 1482//1432 1160//1123 1484//1434
f 1484//1434 1160//1123 1163//1120
f 1484//1434 1163//1120 1485//1435
f 1354//1311 1430//1372 1353//1310
f 1353//1310 1430//1372 1428//1377
f 1353//1310 1428//1377 1352//1309
f 1352//1309 1428//1377 1426//1375
f 1352//1309 1426//1375 1350//1307
f 1350//1307 1426//1375 1417//1366
f 1350//1307 1417//1366 1355//1312
f 1355//1312 1417//1366 1418//1367
f 1355//1312 1418//1367 1356//1313
f 1356//1313 1418//1367 1420//1369
f 1356//1313 1420//1369 1357//1314
f 1357//1314 1420//1369 1422//1371
f 1357//1314 1422//1371 1358//1466
f 1492//1431 1162//1119 1491//1439
f 1491//1439 1162//1119 1161//1118
f 1491//1439 1161//1118 1158//1121
f 1491//1439 1158//1121 1489//1438
f 1489//1438 1158//1121 1145//1108
f 1489//1438 1145//1108 1488//1437
f 1488//1437 1145//1108 1493//1440
f 1493//1440 1145//1108 1152//1115
f 1493//1440 1152//1115 1154//1117
f 1493//1440 1154//1117 1495//1434
f 1495//1434 1154//1117 1157//1120
f 1495//1434 1157//1120 1496//1435
f 1343//1457 1437//1385 1342//1301
f 1342//1301 1437//1385 1434//1382
f 1342//1301 1434//1382 1341//1300
f 1341//1300 1434//1382 1431//1380
f 1341//1300 1431//1380 1339//1299
f 1339//1299 1431//1380 1424//1373
f 1339//1299 1424//1373 1338//1298
f 1338//1298 1424//1373 1425//1374
f 1338//1298 1425//1374 1344//1302
f 1344//1302 1425//1374 1427//1376
f 1344//1302 1427//1376 1345//1303
f 1345//1303 1427//1376 1429//1378
f 1345//1303 1429//1378 1346//1456
f 1471//1422 1172//1132 1470//1421
f 1470//1421 1172//1132 1171//1131
f 1470//1421 1171//1131 1469//1420
f 1469//1420 1171//1131 1170//1130
f 1469//1420 1170//1130 1468//1419
f 1468//1419 1170//1130 1467//1418
f 1467//1418 1170//1130 1144//1105
f 1467//1418 1144//1105 1165//1125
f 1467//1418 1165//1125 1472//1423
f 1472//1423 1165//1125 1167//1127
f 1472//1423 1167//1127 1473//1424
f 1473//1424 1167//1127 1169//1129
f 1473//1424 1169//1129 1474//1468
f 1365//1311 1423//1372 1364//1310
f 1364//1310 1423//1372 1421//1370
f 1364//1310 1421//1370 1363//1319
f 1363//1319 1421//1370 1419//1368
f 1363//1319 1419//1368 1413//1362
f 1363//1319 1413//1362 1361//1317
f 1361//1317 1413//1362 1360//1316
f 1360//1316 1413//1362 1414//1363
f 1360//1316 1414//1363 1366//1320
f 1366//1320 1414//1363 1415//1364
f 1366//1320 1415//1364 1367//1321
f 1367//1321 1415//1364 1416//1365
f 1367//1321 1416//1365 1368//1322
f 1500//1431 1156//1119 1501//1445
f 1501//1445 1156//1119 1155//1118
f 1501//1445 1155//1118 1153//1116
f 1501//1445 1153//1116 1499//1446
f 1499//1446 1153//1116 1498//1444
f 1498//1444 1153//1116 1146//1109
f 1498//1444 1146//1109 1462//1442
f 1462//1442 1146//1109 1148//1111
f 1462//1442 1148//1111 1502//1447
f 1502//1447 1148//1111 1149//1112
f 1502//1447 1149//1112 1503//1448
f 1503//1448 1149//1112 1151//1114
f 1503//1448 1151//1114 1504//1449
f 1333//1294 1442//1392 1440//1390
f 1333//1294 1440//1390 1332//1293
f 1332//1293 1440//1390 1438//1388
f 1332//1293 1438//1388 1331//1292
f 1331//1292 1438//1388 1412//1387
f 1331//1292 1412//1387 1330//1291
f 1330//1291 1412//1387 1432//1379
f 1330//1291 1432//1379 1328//1290
f 1328//1290 1432//1379 1433//1381
f 1328//1290 1433//1381 1334//1295
f 1334//1295 1433//1381 1435//1383
f 1334//1295 1435//1383 1335//1296
f 1335//1296 1435//1383 1436//1384
f 1335//1296 1436//1384 1336//1461
f 1496//1435 1157//1120 1500//1431
f 1157//1120 1156//1119 1500//1431
f 1500//1431 1505//1450 1496//1435
f 1496//1435 1505//1450 1507//1452
f 1507//1452 1505//1450 1506//1451
f 1422//1371 1423//1372 1358//1466
f 1358//1466 1423//1372 1517//1463
f 1358//1466 1517//1463 1519//1465
f 1519//1465 1517//1463 1518//1464
f 1423//1372 1365//1311 1517//1463
f 1485//1435 1163//1120 1492//1431
f 1163//1120 1162//1119 1492//1431
f 1492//1431 1514//1462 1485//1435
f 1485//1435 1514//1462 1516//1452
f 1516//1452 1514//1462 1515//1451
f 1437//1385 1343//1457 1511//1458
f 1437//1385 1511//1458 1336//1461
f 1336//1461 1511//1458 1513//1460
f 1513//1460 1511//1458 1512//1459
f 1336//1461 1436//1384 1437//1385
f 1168//1128 1481//1431 1169//1129
f 1169//1129 1481//1431 1474//1468
f 1474//1468 1481//1431 1520//1462
f 1474//1468 1520//1462 1522//1467
f 1522//1467 1520//1462 1521//1451
f 1318//1273 1530//1476 1319//1268
f 1319//1268 1530//1476 1528//1474
f 1319//1268 1528//1474 1312//1274
f 1312//1274 1528//1474 1526//1472
f 1312//1274 1526//1472 1309//1266
f 1309//1266 1526//1472 1320//1259
f 1320//1259 1526//1472 1303//1263
f 1303//1263 1526//1472 1524//1470
f 1303//1263 1524//1470 1308//1278
f 1309//1266 1320//1259 1299//1265
f 1537//1485 947//906 944//903
f 1538//1484 944//903 942//901
f 1538//1484 942//901 1407//1361
f 1533//1479 1408//1393 1409//1394
f 1532//1478 1410//1395 1411//1386
f 1531//1477 1439//1389 1441//1391
f 1531//1477 1532//1478 1411//1386
f 1532//1478 1533//1479 1409//1394
f 1408//1393 1533//1479 1407//1361
f 1407//1361 1533//1479 1538//1484
f 1140//1101 1534//1480 1142//1107
f 1142//1107 1539//1481 1143//1102
f 1138//1103 1535//1482 1147//1110
f 1147//1110 1536//1483 1150//1113
f 1141//1106 1537//1485 1534//1480
f 1539//1481 1535//1482 1143//1102
f 1143//1102 1535//1482 1138//1103
f 1147//1110 1535//1482 1536//1483
f 1141//1106 947//906 1537//1485
f 944//903 1538//1484 1537//1485
f 1410//1395 1532//1478 1409//1394
f 1439//1389 1531//1477 1411//1386
f 1140//1101 1141//1106 1534//1480
f 1534//1480 1539//1481 1142//1107
f 1430//1372 1354//1311 1508//1453
f 1430//1372 1508//1453 1346//1456
f 1346//1456 1508//1453 1510//1455
f 1510//1455 1508//1453 1509//1454
f 1346//1456 1429//1378 1430//1372
g Toy_sub_upper_Toy_sub_upper
v -38.939899 56.878426 5.463871
v -36.681942 56.880684 5.492172
v -37.860020 56.863148 5.707343
v -35.778027 59.887993 1.027782
v -35.014793 59.887993 -0.170802
v -35.858952 70.887993 0.942523
v -34.997353 70.887650 -0.168084
v -35.963287 59.887993 -0.777440
v -36.682446 59.887985 0.410844
v -35.904034 70.889297 -0.703214
v -36.676132 70.887985 0.417489
v -37.189987 83.048218 0.260816
v -37.757793 82.966309 0.181692
v -38.294468 82.891319 0.221825
v -39.243790 82.896263 0.594815
v -39.787868 82.883408 1.047697
v -40.289204 82.900620 1.755631
v -40.529182 82.881775 2.669672
v -40.494778 82.894089 3.463931
v -39.802582 82.893814 4.838002
v -39.002583 82.888763 5.413716
v -38.286003 82.918411 5.647500
v -37.437691 82.955368 5.691435
v -36.232159 82.851944 5.232236
v -35.710129 82.849594 4.761037
v -35.189606 82.879456 3.900177
v -35.023678 82.881126 2.967989
v -35.153698 82.868530 2.072964
v -35.679989 82.885033 1.154698
v -35.061337 59.887985 2.312666
v -35.114571 59.887985 3.663071
v -35.529823 59.887985 4.530551
v -38.813824 59.887985 5.517475
v -39.908604 59.887985 4.722969
v -40.517544 59.887985 3.427186
v -40.455387 59.887985 2.209113
v -39.301449 59.887989 0.633657
v -38.422302 59.887985 0.245277
v -37.369514 59.887985 0.207410
v -40.009190 59.888000 1.298454
v -37.329273 59.887985 5.675697
v -36.217030 59.887985 5.218548
v 62.941593 42.887981 -4.000000
v 62.941593 42.887981 4.000000
v 59.650791 42.887981 -4.000000
v 59.650791 42.887981 4.000000
v -24.964596 42.887981 -10.000000
v -25.220222 42.887981 -8.700000
v -56.053654 42.887985 -9.877393
v -56.316364 42.887981 -8.484169
v -59.249302 42.887981 -8.566879
v -58.912075 42.887981 -7.206649
v -2.964596 42.887981 -1.000000
v -4.229438 42.887981 -0.037620
v -2.964596 42.887981 1.000000
v -25.220222 42.887981 8.700000
v -24.964596 42.887981 10.000000
v -56.147030 42.887985 9.852768
v -56.179050 42.887981 8.533237
v -59.249298 42.887981 8.566881
v -59.883076 42.887981 6.520506
v -62.016987 42.887981 6.074438
v -61.748432 42.887981 3.938287
v -63.553642 42.887981 2.942138
v -62.563114 42.887981 1.578417
v -64.008614 42.887981 0.000005
v -62.613621 42.887981 -1.176652
v -63.553642 42.887981 -2.942136
v -62.016079 42.887981 -3.352919
v -62.016987 42.887981 -6.074437
v -60.764187 42.887981 -5.512837
v 57.610023 51.370445 3.999989
v 60.872868 51.646465 4.000000
v 59.767609 53.989594 4.000000
v 55.734093 54.271778 4.000013
v 58.165787 56.124313 4.000000
v 53.502728 55.954453 3.999999
v 51.313351 56.852921 3.999979
v 55.652866 58.199158 4.000000
v 51.921940 59.775806 4.000000
v -24.367275 59.830566 4.000000
v -27.981871 58.917606 4.000000
v -31.102879 56.888939 4.000000
v 60.660393 52.329952 -4.000000
v -34.115932 77.889061 -2.170787
v -34.254795 77.888588 -1.840407
v -34.417191 77.889877 -2.454015
v -34.553638 77.888214 -1.802650
v -34.802807 77.893234 -2.134210
v -36.362137 70.889618 -1.477233
v -36.439350 70.889595 -2.429955
v -36.069366 70.889572 -3.311281
v -35.335274 70.889549 -3.923381
v -34.401821 70.889542 -4.128910
v -33.478519 70.889534 -3.881737
v -32.772617 70.889534 -3.237367
v -32.442490 70.889534 -2.340372
v -32.562260 70.889549 -1.392111
v -33.105053 70.889565 -0.605372
v -33.949055 70.889572 -0.156756
v -41.964298 92.895065 2.759847
v -41.963982 92.681137 4.368748
v -41.964260 92.589859 1.442508
v -41.963223 91.745644 5.823747
v -41.963833 90.657135 -0.603895
v -41.964317 90.813446 6.506494
v -41.964207 89.908501 6.878179
v -41.963650 89.340034 -0.985113
v -41.964405 88.959686 7.004781
v -41.964314 88.274223 -0.960241
v -41.964951 87.860199 6.884518
v -41.964539 86.883469 6.466199
v -41.963741 86.897903 -0.469760
v -41.965137 86.137993 5.923130
v -41.965088 86.002426 0.195082
v -41.964119 85.174995 1.466011
v -41.963978 84.894302 2.659666
v -41.962070 91.863480 0.330698
v -36.010345 82.844620 0.818840
v -38.526875 85.471039 0.018590
v -41.962662 87.513474 -0.754612
v -40.276825 82.887192 4.110347
v -41.963165 84.961639 3.891540
v -41.964558 85.444069 5.057398
v -39.906170 85.785088 6.339410
v -39.160156 85.971024 6.141973
v -40.725956 56.887981 1.458043
v -40.904823 59.887978 1.797234
v -41.105663 56.887989 3.283835
v -40.944386 59.887985 4.024487
v -40.183174 56.889828 5.220673
v -39.742935 59.887981 5.592914
v -38.513500 56.750610 6.178051
v -38.164989 59.887981 6.225912
v -36.789478 56.772728 6.077986
v -36.051834 59.887985 5.800508
v -35.430786 56.886295 5.263390
v -35.053326 59.887981 4.737393
v -34.330452 56.887829 -5.014571
v -34.210732 59.887985 -5.063248
v -32.722874 56.887985 -4.516777
v -32.191097 59.887985 -4.029376
v -31.735497 56.887985 -3.154278
v -31.491755 59.887978 -1.749663
v -31.551374 56.887981 -1.527360
v -35.941418 56.887981 -4.659929
v -36.165249 59.887978 -4.489393
v -34.020416 59.887989 -0.139623
v -33.164497 59.887993 -0.554008
v -32.593391 59.887993 -1.314412
v -36.405987 59.887989 -2.595931
v -36.410130 59.887985 -1.645029
v -35.966797 59.887989 -3.439359
v -35.190044 59.887989 -3.988017
v -34.006554 59.887989 -4.105090
v -32.826515 59.888000 -3.348639
v -32.433971 59.887989 -2.251980
v -31.084118 56.888145 -4.000000
v -25.818102 56.872650 5.464499
v -21.730373 56.871117 -3.997374
v -25.595501 56.634369 6.621333
v -46.896469 56.797752 6.066811
v -25.368057 55.890076 8.032471
v -25.137659 54.860523 9.041299
v -24.990961 53.533520 9.735394
v -24.972088 52.395905 9.978946
v -55.784470 52.967567 9.914824
v -56.899639 54.159653 9.457895
v -53.633728 55.467762 8.493399
v -48.879665 56.216644 7.526393
v -51.240715 55.593056 8.368076
v -55.601536 55.838917 8.070973
v -57.874825 56.528862 6.948373
v -58.777561 56.641354 6.631828
v -59.633102 56.893372 5.202741
v 57.817432 50.718384 -3.999999
v 56.926991 52.671783 -3.999999
v 55.488354 54.465843 -4.000000
v 58.121086 56.237495 -4.000000
v 53.329510 56.084763 -4.000001
v 51.036713 56.896591 -4.000000
v 51.314610 59.859562 -4.000000
v 54.522785 58.840210 -4.000000
v -28.600981 58.607101 -4.000000
v -24.786882 59.804104 -4.000000
v -10.450851 52.932289 3.993201
v -2.964596 56.887981 1.000000
v -10.281128 56.888519 3.993127
v -55.319599 58.647606 -2.026435
v -53.767597 58.814453 -0.894583
v -53.919926 58.650116 -3.023496
v -53.338234 58.813606 -1.190710
v -52.714279 58.823433 -1.248422
v -52.139515 58.642818 -3.077904
v -22.037197 56.873367 3.999098
v -12.427051 54.646126 3.994011
v -14.529402 55.576401 3.994846
v -17.899881 56.456722 3.996238
v -2.964596 56.887981 -1.000000
v -24.978708 52.576702 -9.965928
v -55.261871 52.507961 -9.971008
v -56.365780 53.501488 -9.736120
v -52.794922 55.440819 -8.518491
v -55.647709 55.830963 -8.109336
v -58.244953 56.631794 -6.633574
v -58.716915 56.586243 -6.754309
v -59.751293 56.910408 -5.064733
v -25.030918 53.695095 -9.672405
v -25.168501 54.882278 -9.027033
v -25.361732 55.890903 -8.028245
v -25.567114 56.593994 -6.725054
v -25.824995 56.874397 -5.442426
v -46.717926 56.826752 -5.869315
v -50.800133 55.686447 -8.258084
v -48.553501 56.321884 -7.351409
v -45.578331 56.888817 -4.363257
v -62.430233 52.899582 5.337627
v -63.211296 52.902969 3.848197
v -63.748871 52.999214 2.057959
v -63.256565 53.010239 -3.702130
v -60.748997 53.108627 -7.377730
v -59.231323 53.670212 -8.482736
v -57.916000 53.147774 -9.234739
v -60.626835 55.541874 -6.239331
v -58.174522 56.054672 -7.791164
v -57.587994 55.188614 -8.764981
v -57.111645 54.403229 -9.329029
v -58.921082 55.107449 -8.088459
v -59.234787 56.134319 -6.929193
v -59.888279 56.492668 -5.754273
v -60.436737 55.104546 -6.852319
v -60.046822 54.025337 -7.779377
v -61.335560 53.898064 -6.568165
v -62.942070 53.987728 -3.995401
v -62.419617 55.390995 -3.519720
v -62.073063 56.150867 -2.552333
v -62.449577 56.031288 -1.306017
v -62.520115 56.055500 0.323823
v -61.805416 56.631004 -0.764683
v -61.427525 56.889675 0.503974
v -61.743538 56.579742 1.793726
v -62.580612 55.649254 2.424403
v -63.220596 55.025192 1.356305
v -63.569370 53.948547 2.014766
v -62.296562 53.000053 -5.578219
v -63.412560 54.404327 -2.043711
v -63.744865 53.286987 -1.963319
v -63.179081 55.236134 -0.164076
v -63.673679 54.262230 0.227074
v -63.912445 52.885246 -1.060877
v -63.936543 53.220581 0.358376
v -61.553474 53.204636 6.520002
v -61.467049 54.468536 6.126987
v -59.974346 55.000992 7.366487
v -58.059296 55.864964 8.044044
v -57.561226 55.141640 8.816493
v -58.378170 54.315571 8.784128
v -57.569836 53.310352 9.367385
v -60.162449 54.024582 7.691585
v -60.343376 53.095123 7.731337
v -59.064220 53.222858 8.627169
v -60.736317 56.886868 3.347901
v -62.990410 55.282982 -1.790188
v -61.914272 54.215904 -5.679668
v -61.119617 56.891441 -2.209978
v -62.132900 54.915577 -4.770343
v -60.538910 56.896130 -3.767742
v -61.411427 56.230446 -3.968361
v -61.222397 55.837841 -5.078568
v -63.169987 53.766342 3.598077
v -62.606628 53.809586 4.797779
v -62.777245 54.882263 3.429113
v -61.526196 55.245880 5.425287
v -61.650124 56.077080 3.900421
v -59.534088 56.007423 6.845859
v -60.436840 56.406036 5.240149
v -52.255344 58.812969 1.139940
v -51.704395 58.647144 2.939076
v -50.278519 58.651794 1.834990
v -51.636253 58.813908 0.214925
v -49.736389 58.646942 0.212497
v -51.675110 58.649620 -2.978076
v -52.308422 58.813644 -1.116122
v -51.846561 58.821793 -0.714287
v -50.107376 58.643116 -1.534568
v -51.652145 58.811424 -0.218033
v -49.749516 58.651497 -0.218220
v -55.567806 58.654663 1.682877
v -54.020214 58.807327 0.556659
v -54.127327 58.816662 -0.368685
v -56.101040 58.648598 -0.095198
v -55.561153 58.655151 -1.670273
v -52.726971 58.809196 1.295177
v -54.178783 58.665859 2.902349
v -52.122677 58.643932 3.125482
v -53.775593 58.810387 0.916860
v -55.305599 58.652809 2.023664
v -53.752773 59.295441 0.858435
v -53.982010 59.295059 -0.558216
v -55.557335 59.207787 -1.672217
v -49.720444 59.236420 -0.210506
v -50.117550 59.213684 -1.520401
v -50.831257 59.211937 -2.399698
v -51.769886 59.257095 0.532263
v -52.051151 59.247627 0.916000
v -52.315315 59.229713 1.099473
v -49.722462 59.231781 0.211681
v -52.348690 59.300072 -1.109194
v -50.869484 59.259327 2.450916
v -50.124279 59.212410 1.531665
v -48.908241 59.277153 0.216064
v -49.085262 58.537041 1.366504
v -49.147438 59.246029 1.443467
v -49.968060 59.278275 2.718604
v -50.177532 58.528984 2.976968
v -51.191174 59.208427 3.646134
v -51.705147 58.532997 3.850314
v -52.672470 59.207722 4.006731
v -53.883259 58.531540 3.952694
v -54.019802 59.207722 3.850978
v -55.063824 59.242783 3.354573
v -55.791969 58.530544 2.796881
v -55.982841 59.207718 2.559004
v -56.755512 58.530392 1.188111
v -56.658791 59.207726 1.383123
v -56.886093 59.271156 0.078055
v -56.860092 58.531364 -0.699857
v -56.735752 59.207413 -1.122900
v -56.162857 58.541237 -2.364362
v -56.258827 59.197353 -2.185262
v -55.433949 59.258057 -3.078208
v -54.940548 58.530579 -3.484294
v -54.297260 59.240292 -3.762136
v -53.112930 58.524509 -4.022273
v -52.072266 59.350948 -3.853754
v -51.496140 58.533264 -3.779642
v -51.289925 59.207417 -3.670033
v -50.443424 59.242783 -3.158303
v -49.888107 58.543041 -2.698474
v -49.773357 59.254673 -2.496308
v -48.920624 58.523003 -0.913205
v -49.355316 59.323647 -1.785691
v -48.988632 59.207413 -0.894287
v -50.669781 59.379162 -3.189869
v -53.002945 59.289001 -3.980012
v -52.410595 59.375549 3.870610
v -54.214291 59.375664 3.654354
v -55.941513 59.368359 2.446122
v -56.612427 59.382053 1.039779
v -56.658543 59.372360 -0.946405
v -55.990459 59.371231 -2.362767
v -54.248180 59.381870 -3.623120
v -49.140472 59.368984 -1.034294
v -49.030334 59.376461 0.124375
v -49.568996 59.380451 1.973567
v -50.866623 59.372177 3.311352
v -51.690529 59.298302 -0.186313
v -51.836815 59.335567 -0.591519
v -52.623837 59.385277 -1.067636
v -51.970730 59.371105 -3.185899
v -50.088913 59.369987 -1.738648
v -50.967331 59.371059 -2.666919
v -51.735592 59.284729 -2.960648
v -49.518059 59.386513 0.047641
v -53.357796 59.202568 -1.175623
v -55.346096 59.284714 -2.010108
v -52.877941 59.211998 -3.163254
v -53.990372 59.215004 -2.966760
v -54.843285 59.210026 -2.479508
v -52.714779 59.211243 -1.237398
v -53.764091 59.244953 -0.872910
v -53.283360 59.369171 -1.085873
v -55.626694 59.367992 -1.842263
v -53.474998 59.367233 -3.233227
v -52.120518 59.221527 -3.054060
v -54.760757 59.370865 -2.724859
v -53.742622 59.387802 -0.644984
v -54.149204 59.218315 0.007462
v -55.881844 59.213318 -1.032968
v -55.865467 59.211262 1.057186
v -53.996735 59.246258 0.563729
v -54.021679 59.372570 -0.024792
v -55.569370 59.315170 1.731674
v -56.146713 59.370632 -0.499791
v -55.950310 59.371498 1.218638
v -56.075043 59.289490 0.096360
v -55.373142 59.338303 2.024827
v -53.780186 59.388802 0.627859
v -52.681248 59.309326 1.184019
v -53.266376 59.254906 1.207094
v -52.096222 59.263351 3.067697
v -54.598553 59.212059 2.663373
v -53.720230 59.207321 3.042668
v -52.800846 59.252804 3.170545
v -53.220329 59.377304 1.064929
v -51.789101 59.374268 3.078116
v -53.168194 59.375565 3.336059
v -54.748104 59.369205 2.720066
v -52.481724 59.381222 1.008866
v -51.794964 59.382374 0.064115
v -51.664364 59.222713 0.201854
v -52.008976 59.381931 0.656503
v -49.974541 59.368973 1.526634
v -50.747681 59.380287 2.549216
v -51.714489 59.201302 2.923468
v -10.258431 56.888611 -3.983840
v -44.446415 56.887932 1.525459
v -44.525356 57.436687 1.500000
v -45.003342 57.444775 3.272316
v -45.573605 56.889706 4.355660
v -46.859550 57.440742 6.084925
v -49.284096 57.436424 7.716412
v -51.209297 57.469944 8.345463
v -53.140549 57.462219 8.506126
v -55.109215 57.457478 8.246644
v -57.161900 57.437046 7.360775
v -59.057255 57.445473 5.925696
v -60.699730 57.436924 3.430404
v -61.355312 57.441284 1.045174
v -61.307213 57.476265 -1.286189
v -60.681671 57.444225 -3.470272
v -59.558762 57.437298 -5.298205
v -57.568520 57.445835 -7.166395
v -54.855778 57.443520 -8.299426
v -52.411934 57.436665 -8.515371
v -50.048111 57.474548 -8.025047
v -48.381325 57.444588 -7.225165
v -46.767838 57.448845 -5.921141
v -45.374722 57.458889 -4.045577
v -44.583023 56.887936 -2.009291
v -44.619144 57.437149 -2.000145
v -45.205696 57.679916 1.491557
v -46.421974 57.959785 2.057505
v -48.051498 58.184261 3.369176
v -48.980644 57.920502 5.767587
v -51.090996 58.239853 5.384645
v -54.556618 58.282272 5.201505
v -56.686008 57.930664 5.776227
v -57.628922 58.155495 3.705001
v -59.777004 57.830307 2.393061
v -58.440250 58.251858 0.817875
v -58.499832 58.132919 -2.466086
v -57.986713 57.857803 -5.055729
v -54.919319 58.242966 -5.309136
v -53.258808 57.942070 -6.864776
v -51.351128 58.271214 -5.298189
v -48.192814 58.057316 -4.393048
v -47.209087 58.216675 -0.888983
v -45.268902 57.660225 -1.994459
v -43.177254 56.911285 1.500005
v -44.140427 58.059708 1.500004
v -43.882263 57.970104 -1.999996
v -43.220207 56.898102 -2.000008
v -16.238924 56.127800 -3.989324
v -12.315234 54.588703 -3.985832
v -10.406245 52.889526 -3.983981
v -55.578552 53.887985 -8.634477
v -25.220222 53.887981 -8.700000
v -4.229438 53.887985 0.037620
v -25.220222 53.887981 8.700000
v -56.231853 53.887985 8.502160
v -59.484539 53.887985 6.831491
v -61.324764 53.887985 4.687557
v -62.370468 53.887985 2.405960
v -62.681770 53.887985 -0.834243
v -61.865704 53.887985 -3.720985
v -60.167835 53.887985 -6.203567
v -57.931271 53.887985 -7.796653
vn -0.9314 0.3391 0.1324
vn -0.9234 0.3572 0.1402
vn -0.9271 0.3469 0.1417
vn 0.7923 0.6099 0.0201
vn 0.3669 0.6128 0.6999
vn 0.8348 0.3105 -0.4547
vn 0.0810 0.3735 0.9241
vn -0.7896 0.6131 -0.0243
vn -0.2885 0.5938 -0.7511
vn -0.8383 0.4211 0.3464
vn 0.0909 0.2822 -0.9550
vn 0.7806 0.2372 -0.5782
vn 0.5949 0.1551 -0.7887
vn 0.3252 0.0478 -0.9444
vn 0.9134 0.2712 -0.3034
vn 0.9568 0.2904 0.0127
vn 0.6173 0.7727 -0.1478
vn 0.6366 0.7548 0.1580
vn 0.9047 0.2705 0.3292
vn -0.1800 -0.1534 -0.9716
vn -0.1480 0.7518 -0.6425
vn -0.4727 -0.2602 -0.8419
vn -0.6937 -0.3016 -0.6541
vn -0.5326 0.7492 -0.3936
vn -0.8552 -0.3284 -0.4009
vn -0.6353 0.7545 -0.1644
vn -0.9434 -0.3167 -0.0989
vn -0.6318 0.7652 0.1240
vn -0.9308 -0.3225 0.1721
vn -0.4136 -0.2482 0.8760
vn -0.6774 -0.3166 0.6640
vn -0.2291 0.7696 0.5960
vn 0.2025 -0.0153 0.9792
vn 0.0910 0.7665 0.6357
vn 0.5507 0.1520 0.8207
vn 0.3643 0.7541 0.5464
vn 0.5428 0.7468 0.3843
vn -0.3672 0.7467 -0.5546
vn -0.1455 -0.1609 0.9762
vn 0.0842 0.7450 -0.6618
vn 0.0652 -0.0673 -0.9956
vn -0.8525 -0.3233 0.4107
vn -0.4941 0.7670 0.4093
vn 0.7600 0.2170 0.6126
vn 0.6478 -0.5100 -0.5659
vn 0.6474 -0.5108 0.5656
vn -0.5002 -0.6329 -0.5910
vn -0.4993 -0.6337 0.5908
vn 0.1431 -0.6643 -0.7337
vn -0.1267 -0.7539 0.6446
vn -0.1436 -0.6693 -0.7289
vn 0.1510 -0.7578 0.6348
vn -0.3930 -0.6740 -0.6256
vn 0.3806 -0.7376 0.5577
vn -0.5934 -0.6695 -0.4468
vn 0.5239 -0.7409 0.4203
vn 0.6635 -0.6000 -0.4469
vn -0.2144 -0.9767 0.0010
vn 0.6635 -0.5999 0.4471
vn -0.1262 -0.7543 -0.6443
vn 0.1438 -0.6648 0.7330
vn -0.1461 -0.6687 0.7290
vn 0.1584 -0.7656 -0.6235
vn -0.3939 -0.6741 0.6248
vn 0.4304 -0.7584 -0.4895
vn -0.5928 -0.6698 0.4472
vn 0.5979 -0.7390 -0.3103
vn -0.7022 -0.6771 0.2200
vn 0.6601 -0.7421 -0.1166
vn -0.7368 -0.6761 0.0002
vn 0.6672 -0.7399 0.0857
vn -0.7023 -0.6768 -0.2209
vn 0.6242 -0.7368 0.2598
vn -0.6151 -0.2603 0.7443
vn 0.6888 0.2363 0.6853
vn 0.6221 0.3771 0.6861
vn -0.4849 -0.4558 0.7464
vn 0.5285 0.5034 0.6835
vn -0.3364 -0.5876 0.7360
vn -0.1274 -0.6470 0.7517
vn 0.3831 0.6264 0.6789
vn 0.1457 0.7290 0.6688
vn 0.0537 0.6205 0.7823
vn -0.0870 0.7267 0.6815
vn -0.2954 0.6768 0.6743
vn -0.1408 0.9850 0.0993
vn 0.6799 0.2884 -0.6742
vn 0.4246 0.7098 0.5620
vn 0.6957 0.7029 -0.1482
vn 0.0248 0.6966 -0.7170
vn -0.2716 0.7085 0.6514
vn -0.7085 0.7008 -0.0829
vn -0.9460 0.1169 0.3024
vn -0.9808 0.1158 -0.1569
vn -0.7973 0.1194 -0.5917
vn -0.4386 0.1197 -0.8907
vn 0.0214 0.1175 -0.9928
vn 0.4782 0.1196 -0.8701
vn 0.8240 0.1180 -0.5542
vn 0.9869 0.1158 -0.1128
vn 0.9277 0.1171 0.3545
vn 0.6609 0.1167 0.7414
vn 0.2347 0.1167 0.9650
vn -0.2751 0.9112 0.3067
vn -0.2718 0.9614 -0.0436
vn -0.2852 0.8912 -0.3526
vn -0.3144 0.7221 0.6163
vn -0.3170 0.7257 -0.6107
vn -0.3745 0.4804 -0.7931
vn -0.3805 0.4883 0.7853
vn -0.4434 0.2829 0.8505
vn -0.4883 0.1772 -0.8545
vn -0.5397 0.0633 0.8395
vn -0.6153 -0.0592 -0.7860
vn -0.6474 -0.1311 0.7508
vn -0.7293 -0.2025 -0.6536
vn -0.7767 -0.2756 0.5664
vn -0.7967 -0.2762 -0.5376
vn -0.8497 -0.3349 0.4072
vn -0.8605 -0.3346 -0.3841
vn -0.9057 -0.3501 0.2391
vn -0.9238 -0.3417 -0.1725
vn -0.9341 -0.3444 0.0942
vn -0.9440 -0.3283 -0.0312
vn 0.4705 0.1936 -0.8609
vn 0.1520 -0.1177 0.9814
vn 0.4051 0.1131 0.9073
vn -0.3236 0.7892 -0.5219
vn -0.5850 0.7606 -0.2815
vn -0.4416 0.6457 -0.6229
vn -0.7144 0.6520 -0.2542
vn -0.6234 0.7786 0.0713
vn -0.7209 0.6492 0.2427
vn -0.4535 0.7356 0.5032
vn -0.4512 0.6598 0.6009
vn -0.1267 0.7180 0.6844
vn -0.0712 0.6568 0.7507
vn 0.1655 0.6788 0.7154
vn 0.3711 0.6522 0.6610
vn 0.4566 0.7240 0.5170
vn 0.5963 0.6815 0.4244
vn 0.6102 0.7813 0.1311
vn 0.7647 0.6384 0.0873
vn 0.0216 0.7457 -0.6659
vn 0.0652 0.6421 -0.7639
vn 0.3607 0.7783 -0.5139
vn 0.5867 0.6447 -0.4900
vn 0.6038 0.7635 -0.2292
vn 0.1339 0.7648 0.6302
vn 0.4103 0.7637 0.4984
vn 0.5930 0.7637 0.2552
vn -0.6272 0.7633 -0.1550
vn -0.6276 0.7638 0.1507
vn -0.4866 0.7633 -0.4250
vn -0.2242 0.7680 -0.5999
vn 0.1436 0.7868 -0.6003
vn 0.4847 0.7858 -0.3841
vn 0.6377 0.7682 -0.0560
vn 0.0208 0.9930 -0.1161
vn -0.1461 0.9840 -0.1020
vn 0.0217 0.9936 0.1113
vn 0.0684 0.5947 -0.8011
vn 0.0664 0.9376 0.3414
vn 0.4542 0.5971 0.6612
vn 0.5273 0.7723 0.3542
vn 0.0912 0.4151 0.9052
vn -0.0352 0.4099 0.9114
vn 0.1129 0.7977 0.5925
vn -0.2233 0.5528 0.8029
vn -0.1778 0.4425 0.8790
vn -0.2469 0.7020 0.6680
vn -0.3379 0.5522 0.7621
vn -0.2007 0.9013 0.3838
vn -0.6941 0.5010 0.5170
vn 0.2576 0.5054 0.8235
vn 0.1559 0.5879 0.7938
vn 0.1828 0.3384 0.9231
vn -0.1794 0.3457 0.9211
vn -0.1112 0.1462 0.9830
vn 0.1901 0.1031 0.9763
vn -0.6484 -0.2174 -0.7296
vn -0.5782 -0.3564 -0.7339
vn -0.4700 -0.4885 -0.7352
vn 0.5357 0.5102 -0.6728
vn -0.3179 -0.5901 -0.7421
vn -0.1100 -0.6554 -0.7472
vn 0.1074 0.7305 -0.6744
vn 0.3302 0.6580 -0.6767
vn -0.3260 0.6598 -0.6771
vn -0.1091 0.7282 -0.6767
vn 0.3263 0.0503 0.9439
vn 0.6631 0.5998 0.4479
vn 0.3982 -0.9170 0.0241
vn 0.2335 0.6774 0.6976
vn 0.7884 0.6145 -0.0280
vn -0.0109 0.5816 -0.8134
vn -0.6534 0.6061 0.4536
vn -0.5046 0.5741 -0.6448
vn -0.2293 0.7434 -0.6283
vn 0.1630 0.2177 0.9623
vn 0.1461 0.3562 0.9229
vn 0.1132 0.4757 0.8723
vn 0.6632 0.5999 -0.4476
vn -0.0722 0.0887 -0.9934
vn 0.1897 0.1283 -0.9734
vn -0.2199 0.7549 -0.6179
vn -0.1574 0.4477 -0.8803
vn -0.2292 0.5595 -0.7965
vn -0.3883 0.5937 -0.7048
vn -0.2227 0.8757 -0.4284
vn -0.7188 0.4618 -0.5197
vn -0.0014 0.3998 -0.9166
vn 0.0687 0.9336 -0.3518
vn 0.4671 0.6393 -0.6107
vn 0.1168 0.7951 -0.5951
vn 0.1213 0.4321 -0.8936
vn 0.2807 0.5150 -0.8099
vn 0.5673 0.7280 -0.3849
vn -0.1561 0.2057 -0.9661
vn 0.1789 0.3694 -0.9119
vn -0.2146 0.3851 -0.8976
vn 0.1549 0.5966 -0.7875
vn -0.3706 0.0892 0.9245
vn -0.5141 0.0956 0.8524
vn -0.6442 0.0757 0.7611
vn -0.7559 0.1229 0.6430
vn -0.8450 0.0719 0.5299
vn -0.9232 0.0677 0.3783
vn -0.9755 0.0902 0.2005
vn -0.9903 0.1344 0.0346
vn -0.9908 0.0972 -0.0944
vn -0.9687 0.1517 -0.1964
vn -0.9274 0.0900 -0.3631
vn -0.8320 0.0926 -0.5470
vn -0.6809 0.0815 -0.7278
vn -0.5233 0.1676 -0.8355
vn -0.4032 0.0794 -0.9117
vn -0.5044 0.7480 -0.4314
vn -0.6389 0.6449 -0.4194
vn -0.6239 0.5757 -0.5284
vn -0.6207 0.4681 -0.6290
vn -0.7759 0.3286 -0.5385
vn -0.7294 0.2461 -0.6383
vn -0.4890 0.4553 -0.7441
vn -0.4922 0.6554 -0.5729
vn -0.6122 0.2706 -0.7429
vn -0.8794 0.2890 -0.3784
vn -0.7707 0.4636 -0.4372
vn -0.7770 0.5512 -0.3041
vn -0.6618 0.7236 -0.1960
vn -0.8241 0.5452 -0.1536
vn -0.7107 0.6969 -0.0960
vn -0.5784 0.8060 0.1259
vn -0.7086 0.7049 0.0328
vn -0.7569 0.6226 0.1986
vn -0.8571 0.4999 0.1241
vn -0.9391 0.3435 0.0080
vn -0.9358 0.2950 0.1930
vn -0.9105 0.3668 -0.1909
vn -0.5624 0.8252 -0.0513
vn -0.8428 0.5378 -0.0224
vn -0.8434 0.2612 0.4695
vn -0.7311 0.3514 0.5849
vn -0.6176 0.2601 0.7422
vn -0.5797 0.4590 0.6732
vn -0.4607 0.3019 0.8346
vn -0.5164 0.6446 0.5637
vn -0.6527 0.6921 0.3081
vn -0.5459 0.7390 0.3949
vn -0.8123 0.4727 0.3417
vn -0.8640 0.5020 0.0384
vn -0.8349 0.5012 -0.2276
vn -0.6119 0.7319 -0.2999
vn -0.7859 0.4673 -0.4049
vn -0.9078 0.2512 0.3360
vn -0.8263 0.4646 0.3185
vn -0.7047 0.5271 0.4748
vn 0.7683 0.6170 0.1704
vn 0.2816 0.5920 -0.7551
vn -0.6104 0.6733 -0.4171
vn 0.4268 0.5818 0.6924
vn -0.6428 0.5945 0.4831
vn 0.5291 0.7607 -0.3760
vn -0.6366 0.6865 0.3513
vn 0.2199 0.5973 0.7713
vn -0.6203 0.6044 -0.4999
vn 0.7619 0.6059 -0.2288
vn 0.4578 0.6081 -0.6486
vn 0.2172 0.6200 -0.7540
vn -0.7610 0.5865 -0.2772
vn -0.6881 0.7023 0.1825
vn 0.1973 0.6040 0.7722
vn 0.7362 0.6763 0.0256
vn -0.6366 0.6014 -0.4828
vn -0.4990 0.6403 0.5840
vn 0.2839 0.6830 -0.6730
vn 0.0508 0.6058 0.7940
vn 0.7776 0.6277 0.0365
vn 0.0174 0.7251 0.6884
vn 0.3585 0.9332 -0.0234
vn -0.5895 0.7820 0.2023
vn 0.1464 0.4986 0.8544
vn -0.6492 0.6872 -0.3261
vn -0.8603 0.3036 0.4094
vn -0.6324 0.3635 0.6840
vn 0.0813 0.7408 0.6667
vn 0.5102 0.5101 0.6924
vn 0.8176 0.3968 0.4173
vn 0.6437 0.4117 0.6451
vn 0.7873 0.5644 0.2482
vn -0.6114 0.6658 0.4277
vn -0.5642 0.4571 -0.6875
vn -0.7437 0.5569 0.3699
vn 0.6439 0.7385 -0.1998
vn 0.2984 0.4539 -0.8396
vn -0.5437 0.4933 -0.6790
vn -0.8300 0.3532 -0.4317
vn 0.6839 0.7114 -0.1617
vn 0.9078 0.4131 0.0730
vn 0.6806 0.6917 0.2415
vn 0.8131 0.4883 0.3170
vn 0.6377 0.5170 0.5710
vn 0.4877 0.6913 0.5331
vn 0.3898 0.3709 0.8429
vn 0.1979 0.6880 0.6982
vn 0.0193 0.3059 0.9519
vn -0.1645 0.7075 0.6873
vn -0.2369 0.3884 0.8905
vn -0.4883 0.4483 0.7487
vn -0.5201 0.6827 0.5131
vn -0.7495 0.2730 0.6030
vn -0.6871 0.6941 0.2145
vn -0.8581 0.3727 0.3532
vn -0.8611 0.5079 0.0242
vn -0.7179 0.6851 -0.1234
vn -0.8987 0.3149 -0.3051
vn -0.5920 0.6796 -0.4333
vn -0.8105 0.3410 -0.4762
vn -0.5456 0.5116 -0.6637
vn -0.3703 0.6921 -0.6196
vn -0.3145 0.3605 -0.8782
vn -0.0188 0.6724 -0.7400
vn -0.0154 0.5700 -0.8215
vn 0.1254 0.6984 -0.7046
vn 0.2412 0.6893 -0.6831
vn 0.3823 0.3659 -0.8485
vn 0.5795 0.3319 -0.7443
vn 0.5490 0.6841 -0.4802
vn 0.6946 0.4973 -0.5198
vn 0.6944 0.6074 -0.3858
vn 0.9168 0.3497 -0.1929
vn 0.4762 0.8689 -0.1348
vn 0.2588 0.8764 -0.4061
vn -0.1413 0.9185 -0.3694
vn -0.1818 0.8672 0.4636
vn -0.4060 0.8607 0.3072
vn -0.4546 0.8835 0.1136
vn -0.4761 0.8721 -0.1128
vn -0.4137 0.8469 -0.3342
vn 0.3720 0.9282 0.0023
vn 0.4257 0.8665 0.2606
vn 0.2997 0.8457 0.4416
vn 0.0986 0.8312 0.5472
vn 0.4617 0.7284 -0.5062
vn 0.6468 0.6542 -0.3920
vn 0.1781 0.9805 0.0834
vn -0.0420 0.9793 -0.1982
vn -0.0920 0.9883 0.1212
vn -0.1912 0.9328 0.3055
vn -0.3070 0.9303 0.2007
vn -0.1412 0.9900 0.0062
vn 0.0010 0.5879 -0.8089
vn -0.3458 0.2816 -0.8951
vn 0.6728 0.7267 0.1386
vn -0.0018 0.2547 0.9670
vn 0.3499 0.2100 0.9129
vn 0.5906 0.3650 0.7197
vn -0.1625 0.8421 -0.5142
vn -0.0984 0.9875 -0.1235
vn 0.1033 0.9844 0.1425
vn 0.0691 0.9340 0.3505
vn 0.1977 0.9322 0.3032
vn -0.7628 0.5855 -0.2746
vn -0.9540 0.2974 0.0387
vn 0.5116 0.5344 -0.6728
vn 0.9108 0.2552 0.3246
vn 0.9941 0.0717 -0.0810
vn 0.8882 0.3725 -0.2690
vn -0.1490 0.9869 0.0620
vn -0.4760 0.8794 -0.0025
vn 0.3421 0.9287 -0.1431
vn 0.2999 0.9535 0.0286
vn -0.3041 0.7967 0.5222
vn -0.2992 0.3653 0.8815
vn -0.5443 0.6093 -0.5767
vn 0.5078 0.3553 -0.7848
vn 0.2583 0.2868 -0.9225
vn -0.0246 0.4453 -0.8951
vn -0.1381 0.9158 0.3771
vn 0.1393 0.9802 0.1408
vn -0.0186 0.9800 -0.1980
vn 0.0192 0.9603 -0.2781
vn 0.2222 0.9278 -0.2997
vn 0.3246 0.9128 0.2479
vn -0.3489 0.9223 -0.1661
vn -0.1835 0.9602 -0.2106
vn 0.2128 -0.9324 -0.2923
vn 0.4452 0.6375 0.6288
vn 0.3633 0.2892 0.8857
vn 0.7878 0.5135 0.3402
vn 0.5886 0.5556 0.5873
vn 0.3463 0.5761 0.7404
vn 0.1604 0.5939 0.7884
vn -0.0159 0.5956 0.8031
vn -0.2232 0.5819 0.7821
vn -0.3867 0.5519 0.7388
vn -0.6088 0.5466 0.5749
vn -0.7458 0.5729 0.3400
vn -0.8127 0.5677 0.1314
vn -0.8194 0.5627 -0.1092
vn -0.7451 0.5792 -0.3308
vn -0.6308 0.5792 -0.5164
vn -0.4444 0.5577 -0.7010
vn -0.1842 0.5788 -0.7944
vn 0.0460 0.5752 -0.8167
vn 0.2671 0.5931 -0.7595
vn 0.4383 0.5904 -0.6777
vn 0.5835 0.5777 -0.5707
vn 0.7338 0.5628 -0.3805
vn 0.4368 0.6198 -0.6520
vn 0.3420 0.2386 -0.9089
vn 0.2299 0.9703 0.0749
vn 0.1242 0.9799 0.1561
vn 0.1832 0.9742 0.1317
vn 0.0623 0.9764 0.2068
vn -0.1387 0.9672 0.2129
vn -0.2547 0.9630 0.0887
vn -0.2161 0.9760 0.0265
vn -0.1793 0.9739 0.1393
vn -0.2119 0.9730 -0.0917
vn -0.1856 0.9655 -0.1827
vn -0.0794 0.9764 -0.2011
vn -0.0105 0.9672 -0.2537
vn 0.0602 0.9775 -0.2021
vn 0.1726 0.9717 -0.1615
vn 0.2152 0.9759 -0.0362
vn 0.1405 0.9767 -0.1624
vn -0.0589 0.9774 0.2031
vn 0.1442 0.9664 0.2128
vn 0.2062 0.9634 0.1714
vn 0.1977 0.7716 0.6046
vn 0.3161 0.7310 -0.6048
vn 0.2324 0.9555 -0.1815
vn 0.3275 0.0499 -0.9435
vn 0.1353 0.3852 -0.9128
vn 0.1605 0.2138 -0.9636
vn 0.1231 -0.6706 0.7316
vn -0.1446 -0.6656 0.7321
vn -0.8369 -0.5473 -0.0037
vn -0.1431 -0.6653 -0.7327
vn 0.1797 -0.6590 -0.7303
vn 0.4595 -0.6676 -0.5858
vn 0.6183 -0.6793 -0.3953
vn 0.7130 -0.6742 -0.1927
vn 0.7393 -0.6699 0.0680
vn 0.6691 -0.6746 0.3118
vn 0.5281 -0.6724 0.5186
vn 0.3392 -0.6800 0.6500
s 1
f 1540//1486 1541//1487 1542//1488
f 1541//1487 1540//1486 1542//1488
f 1543//1489 1544//1490 1545//1491
f 1545//1491 1544//1490 1546//1492
f 1547//1493 1548//1494 1549//1495
f 1549//1495 1548//1494 1550//1496
f 1549//1495 1550//1496 1545//1491
f 1549//1495 1545//1491 1546//1492
f 1568//1497 1545//1491 1658//1498
f 1658//1498 1545//1491 1550//1496
f 1658//1498 1550//1496 1551//1499
f 1550//1496 1548//1494 1551//1499
f 1545//1491 1568//1497 1543//1489
f 1568//1497 1567//1500 1543//1489
f 1566//1501 1569//1502 1567//1500
f 1567//1500 1569//1502 1543//1489
f 1570//1503 1569//1502 1566//1501
f 1570//1503 1566//1501 1565//1504
f 1553//1505 1577//1506 1554//1507
f 1555//1508 1579//1509 1556//1510
f 1556//1510 1579//1509 1575//1511
f 1557//1512 1556//1510 1575//1511
f 1557//1512 1574//1513 1558//1514
f 1560//1515 1559//1516 1572//1517
f 1562//1518 1580//1519 1563//1520
f 1563//1520 1580//1519 1581//1521
f 1563//1520 1581//1521 1571//1522
f 1554//1507 1576//1523 1555//1508
f 1557//1512 1575//1511 1574//1513
f 1560//1515 1572//1517 1561//1524
f 1551//1499 1578//1525 1552//1526
f 1552//1526 1578//1525 1577//1506
f 1552//1526 1577//1506 1553//1505
f 1554//1507 1577//1506 1576//1523
f 1555//1508 1576//1523 1579//1509
f 1558//1514 1574//1513 1661//1527
f 1661//1527 1574//1513 1573//1528
f 1661//1527 1573//1528 1559//1516
f 1559//1516 1573//1528 1572//1517
f 1561//1524 1572//1517 1562//1518
f 1562//1518 1572//1517 1580//1519
f 1551//1499 1548//1494 1578//1525
f 1571//1522 1570//1503 1565//1504
f 1571//1522 1565//1504 1564//1529
f 1563//1520 1571//1522 1564//1529
f 1582//1530 1583//1531 1584//1532
f 1584//1532 1583//1531 1585//1533
f 1586//1534 1587//1535 1588//1536
f 1588//1536 1587//1535 1589//1537
f 1588//1536 1589//1537 1590//1538
f 1590//1538 1589//1537 1591//1539
f 1590//1538 1591//1539 1609//1540
f 1609//1540 1591//1539 1610//1541
f 1586//1534 1592//1542 1587//1535
f 1587//1535 1592//1542 1593//1543
f 1593//1543 1592//1542 1594//1544
f 1593//1543 1594//1544 1595//1545
f 1595//1545 1594//1544 1596//1546
f 1595//1545 1596//1546 1597//1547
f 1595//1545 1597//1547 1598//1548
f 1598//1548 1597//1547 1599//1549
f 1598//1548 1599//1549 1600//1550
f 1600//1550 1599//1549 1601//1551
f 1600//1550 1601//1551 1602//1552
f 1602//1552 1601//1551 1603//1553
f 1602//1552 1603//1553 1604//1554
f 1604//1554 1603//1553 1605//1555
f 1604//1554 1605//1555 1606//1556
f 1606//1556 1605//1555 1607//1557
f 1606//1556 1607//1557 1608//1558
f 1608//1558 1607//1557 1609//1540
f 1608//1558 1609//1540 1610//1541
f 1585//1533 1583//1531 1611//1559
f 1611//1559 1583//1531 1612//1560
f 1611//1559 1612//1560 1613//1561
f 1611//1559 1613//1561 1614//1562
f 1614//1562 1613//1561 1615//1563
f 1614//1562 1615//1563 1616//1564
f 1616//1564 1615//1563 1617//1565
f 1617//1565 1615//1563 1618//1566
f 1618//1566 1619//1567 1617//1565
f 1617//1565 1619//1567 1734//1568
f 1734//1568 1619//1567 1620//1569
f 1734//1568 1620//1569 1621//1570
f 1734//1568 1621//1570 1622//1571
f 1582//1530 1623//1572 1583//1531
f 1583//1531 1623//1572 1612//1560
f 1625//1573 1624//1574 1626//1575
f 1625//1573 1626//1575 1627//1576
f 1627//1576 1626//1575 1628//1577
f 1546//1492 1627//1576 1549//1495
f 1549//1495 1627//1576 1628//1577
f 1549//1495 1628//1577 1629//1578
f 1629//1578 1628//1577 1630//1579
f 1630//1579 1628//1577 1631//1580
f 1631//1580 1628//1577 1632//1581
f 1632//1581 1628//1577 1626//1575
f 1632//1581 1626//1575 1633//1582
f 1633//1582 1626//1575 1634//1583
f 1634//1583 1626//1575 1635//1584
f 1635//1584 1626//1575 1624//1574
f 1635//1584 1624//1574 1636//1585
f 1636//1585 1624//1574 1637//1586
f 1637//1586 1624//1574 1625//1573
f 1637//1586 1625//1573 1638//1587
f 1638//1587 1625//1573 1639//1588
f 1639//1588 1625//1573 1627//1576
f 1639//1588 1627//1576 1546//1492
f 1641//1589 1640//1590 1642//1591
f 1641//1589 1642//1591 1643//1592
f 1643//1592 1642//1591 1657//1593
f 1643//1592 1657//1593 1644//1594
f 1643//1592 1644//1594 1645//1595
f 1645//1595 1644//1594 1646//1596
f 1646//1596 1644//1594 1647//1597
f 1646//1596 1647//1597 1648//1598
f 1648//1598 1647//1597 1649//1599
f 1648//1598 1649//1599 1650//1600
f 1650//1600 1649//1599 1660//1601
f 1650//1600 1660//1601 1651//1602
f 1651//1602 1660//1601 1652//1603
f 1651//1602 1652//1603 1653//1604
f 1653//1604 1652//1603 1654//1605
f 1653//1604 1654//1605 1663//1606
f 1663//1606 1654//1605 1655//1607
f 1663//1606 1655//1607 1662//1608
f 1662//1608 1655//1607 1656//1609
f 1640//1590 1567//1500 1642//1591
f 1567//1500 1657//1593 1642//1591
f 1567//1500 1568//1497 1657//1593
f 1658//1498 1659//1610 1644//1594
f 1658//1498 1551//1499 1659//1610
f 1659//1610 1551//1499 1647//1597
f 1554//1507 1652//1603 1553//1505
f 1551//1499 1552//1526 1647//1597
f 1552//1526 1649//1599 1647//1597
f 1554//1507 1555//1508 1654//1605
f 1554//1507 1654//1605 1652//1603
f 1556//1510 1655//1607 1654//1605
f 1556//1510 1557//1512 1655//1607
f 1661//1527 1662//1608 1558//1514
f 1559//1516 1653//1604 1663//1606
f 1560//1515 1653//1604 1559//1516
f 1562//1518 1664//1611 1561//1524
f 1561//1524 1650//1600 1651//1602
f 1664//1611 1665//1612 1648//1598
f 1665//1612 1646//1596 1648//1598
f 1665//1612 1564//1529 1646//1596
f 1564//1529 1645//1595 1646//1596
f 1564//1529 1643//1592 1645//1595
f 1565//1504 1566//1501 1641//1589
f 1641//1589 1566//1501 1640//1590
f 1644//1594 1657//1593 1658//1498
f 1567//1500 1640//1590 1566//1501
f 1658//1498 1657//1593 1568//1497
f 1647//1597 1644//1594 1659//1610
f 1649//1599 1552//1526 1553//1505
f 1660//1601 1553//1505 1652//1603
f 1649//1599 1553//1505 1660//1601
f 1654//1605 1555//1508 1556//1510
f 1656//1609 1655//1607 1557//1512
f 1662//1608 1656//1609 1557//1512
f 1662//1608 1557//1512 1558//1514
f 1663//1606 1662//1608 1661//1527
f 1663//1606 1661//1527 1559//1516
f 1651//1602 1560//1515 1561//1524
f 1664//1611 1650//1600 1561//1524
f 1665//1612 1664//1611 1562//1518
f 1665//1612 1562//1518 1563//1520
f 1648//1598 1650//1600 1664//1611
f 1564//1529 1665//1612 1563//1520
f 1565//1504 1643//1592 1564//1529
f 1641//1589 1643//1592 1565//1504
f 1560//1515 1651//1602 1653//1604
f 1685//1613 1666//1614 1686//1615
f 1686//1615 1666//1614 1667//1616
f 1667//1616 1666//1614 1668//1617
f 1667//1616 1668//1617 1669//1618
f 1669//1618 1668//1617 1670//1619
f 1669//1618 1670//1619 1671//1620
f 1671//1620 1670//1619 1672//1621
f 1671//1620 1672//1621 1673//1622
f 1673//1622 1672//1621 1674//1623
f 1673//1622 1674//1623 1675//1624
f 1675//1624 1674//1623 1676//1625
f 1675//1624 1676//1625 1677//1626
f 1676//1625 1684//1627 1677//1626
f 1677//1626 1684//1627 1683//1628
f 1678//1629 1679//1630 1680//1631
f 1680//1631 1679//1630 1681//1632
f 1680//1631 1681//1632 1682//1633
f 1682//1633 1681//1632 1683//1628
f 1682//1633 1683//1628 1684//1627
f 1679//1630 1678//1629 1685//1613
f 1679//1630 1685//1613 1686//1615
f 1544//1490 1543//1489 1569//1502
f 1544//1490 1569//1502 1687//1634
f 1687//1634 1569//1502 1688//1635
f 1688//1635 1569//1502 1683//1628
f 1688//1635 1683//1628 1689//1636
f 1683//1628 1569//1502 1677//1626
f 1677//1626 1569//1502 1570//1503
f 1677//1626 1570//1503 1571//1522
f 1677//1626 1571//1522 1675//1624
f 1675//1624 1571//1522 1581//1521
f 1675//1624 1581//1521 1580//1519
f 1675//1624 1580//1519 1673//1622
f 1673//1622 1580//1519 1572//1517
f 1673//1622 1572//1517 1671//1620
f 1671//1620 1572//1517 1573//1528
f 1671//1620 1573//1528 1669//1618
f 1669//1618 1573//1528 1574//1513
f 1669//1618 1574//1513 1667//1616
f 1667//1616 1574//1513 1575//1511
f 1667//1616 1575//1511 1579//1509
f 1579//1509 1576//1523 1667//1616
f 1667//1616 1576//1523 1686//1615
f 1686//1615 1576//1523 1577//1506
f 1686//1615 1577//1506 1690//1637
f 1690//1637 1577//1506 1691//1638
f 1691//1638 1577//1506 1578//1525
f 1691//1638 1578//1525 1547//1493
f 1547//1493 1578//1525 1548//1494
f 1690//1637 1692//1639 1686//1615
f 1686//1615 1692//1639 1693//1640
f 1686//1615 1693//1640 1679//1630
f 1679//1630 1693//1640 1694//1641
f 1679//1630 1694//1641 1681//1632
f 1681//1632 1694//1641 1695//1642
f 1681//1632 1695//1642 1696//1643
f 1681//1632 1696//1643 1683//1628
f 1683//1628 1696//1643 1689//1636
f 1751//1644 1678//1629 1680//1631
f 1751//1644 1680//1631 1697//1645
f 1680//1631 1682//1633 1697//1645
f 1697//1645 1682//1633 1684//1627
f 1697//1645 1684//1627 1622//1571
f 1622//1571 1684//1627 1676//1625
f 1676//1625 1698//1646 1622//1571
f 1622//1571 1698//1646 1734//1568
f 1697//1645 1699//1647 1751//1644
f 1676//1625 1674//1623 1698//1646
f 1698//1646 1674//1623 1700//1648
f 1700//1648 1674//1623 1672//1621
f 1672//1621 1701//1649 1700//1648
f 1701//1649 1672//1621 1670//1619
f 1701//1649 1670//1619 1949//1650
f 1710//1651 1708//1652 1702//1653
f 1702//1653 1708//1652 1795//1654
f 1795//1654 1708//1652 1711//1655
f 1795//1654 1711//1655 1794//1656
f 1794//1656 1711//1655 1712//1657
f 1794//1656 1712//1657 1713//1658
f 1713//1658 1712//1657 1714//1659
f 1700//1648 1701//1649 1709//1660
f 1702//1653 1700//1648 1709//1660
f 1709//1660 1710//1651 1702//1653
f 1702//1653 1795//1654 1703//1661
f 1704//1662 1707//1663 1706//1664
f 1703//1661 1795//1654 1707//1663
f 1704//1662 1703//1661 1707//1663
f 1705//1665 1704//1662 1706//1664
f 1546//1492 1544//1490 1687//1634
f 1546//1492 1687//1634 1639//1588
f 1639//1588 1687//1634 1688//1635
f 1639//1588 1688//1635 1638//1587
f 1638//1587 1688//1635 1689//1636
f 1638//1587 1689//1636 1637//1586
f 1637//1586 1689//1636 1696//1643
f 1637//1586 1696//1643 1636//1585
f 1636//1585 1696//1643 1695//1642
f 1636//1585 1695//1642 1635//1584
f 1635//1584 1695//1642 1634//1583
f 1634//1583 1695//1642 1694//1641
f 1634//1583 1694//1641 1633//1582
f 1633//1582 1694//1641 1693//1640
f 1633//1582 1693//1640 1632//1581
f 1632//1581 1693//1640 1692//1639
f 1632//1581 1692//1639 1631//1580
f 1631//1580 1692//1639 1690//1637
f 1631//1580 1690//1637 1630//1579
f 1630//1579 1690//1637 1691//1638
f 1630//1579 1691//1638 1629//1578
f 1629//1578 1691//1638 1547//1493
f 1629//1578 1547//1493 1549//1495
f 1584//1532 1715//1666 1582//1530
f 1582//1530 1715//1666 1623//1572
f 1623//1572 1715//1666 1716//1667
f 1623//1572 1716//1667 1717//1668
f 1623//1572 1717//1668 1718//1669
f 1718//1669 1717//1668 1719//1670
f 1718//1669 1719//1670 1720//1671
f 1699//1647 1721//1672 1720//1671
f 1720//1671 1721//1672 1722//1673
f 1699//1647 1697//1645 1723//1674
f 1699//1647 1723//1674 1724//1675
f 1699//1647 1724//1675 1721//1672
f 1720//1671 1722//1673 1718//1669
f 1585//1533 1611//1559 1584//1532
f 1584//1532 1611//1559 1715//1666
f 1705//1665 1706//1664 1596//1546
f 1596//1546 1706//1664 1597//1547
f 1705//1665 1596//1546 1725//1676
f 1725//1676 1596//1546 1594//1544
f 1725//1676 1594//1544 1726//1677
f 1726//1677 1727//1678 1725//1676
f 1730//1679 1728//1680 1729//1681
f 1733//1682 1730//1679 1732//1683
f 1731//1684 1732//1683 1730//1679
f 1730//1679 1729//1681 1731//1684
f 1705//1665 1725//1676 1704//1662
f 1698//1646 1700//1648 1734//1568
f 1725//1676 1735//1685 1704//1662
f 1702//1653 1736//1686 1737//1687
f 1702//1653 1737//1687 1700//1648
f 1737//1687 1734//1568 1700//1648
f 1735//1685 1703//1661 1704//1662
f 1735//1685 1736//1686 1703//1661
f 1703//1661 1736//1686 1702//1653
f 1594//1544 1592//1542 1726//1677
f 1726//1677 1592//1542 1738//1688
f 1740//1689 1739//1690 1588//1536
f 1588//1536 1739//1690 1586//1534
f 1764//1691 1743//1692 1765//1693
f 1743//1692 1764//1691 1744//1694
f 1744//1694 1764//1691 1745//1695
f 1744//1694 1745//1695 1746//1696
f 1765//1693 1743//1692 1742//1697
f 1750//1698 1752//1699 1751//1644
f 1678//1629 1751//1644 1752//1699
f 1765//1693 1742//1697 1749//1700
f 1749//1700 1742//1697 1753//1701
f 1750//1698 1754//1702 1752//1699
f 1752//1699 1755//1703 1678//1629
f 1739//1690 1740//1689 1741//1704
f 1741//1704 1747//1705 1739//1690
f 1747//1705 1741//1704 1766//1706
f 1747//1705 1766//1706 1748//1707
f 1748//1707 1766//1706 1765//1693
f 1749//1700 1748//1707 1765//1693
f 1749//1700 1753//1701 1754//1702
f 1750//1698 1749//1700 1754//1702
f 1597//1547 1706//1664 1797//1708
f 1597//1547 1797//1708 1599//1549
f 1599//1549 1797//1708 1800//1709
f 1599//1549 1800//1709 1799//1710
f 1599//1549 1799//1710 1601//1551
f 1601//1551 1799//1710 1791//1711
f 1601//1551 1791//1711 1756//1712
f 1601//1551 1756//1712 1757//1713
f 1601//1551 1757//1713 1603//1553
f 1603//1553 1757//1713 1758//1714
f 1603//1553 1758//1714 1605//1555
f 1605//1555 1758//1714 1790//1715
f 1605//1555 1790//1715 1789//1716
f 1605//1555 1789//1716 1607//1557
f 1607//1557 1789//1716 1786//1717
f 1607//1557 1786//1717 1759//1718
f 1607//1557 1759//1718 1609//1540
f 1609//1540 1759//1718 1784//1719
f 1609//1540 1784//1719 1760//1720
f 1609//1540 1760//1720 1590//1538
f 1590//1538 1760//1720 1761//1721
f 1590//1538 1761//1721 1762//1722
f 1590//1538 1762//1722 1588//1536
f 1588//1536 1762//1722 1741//1704
f 1588//1536 1741//1704 1740//1689
f 1746//1696 1769//1723 1808//1724
f 1808//1724 1769//1723 1763//1725
f 1763//1725 1770//1726 1803//1727
f 1770//1726 1772//1728 1803//1727
f 1784//1719 1772//1728 1760//1720
f 1746//1696 1745//1695 1769//1723
f 1767//1729 1764//1691 1765//1693
f 1767//1729 1770//1726 1768//1730
f 1766//1706 1762//1722 1761//1721
f 1761//1721 1771//1731 1767//1729
f 1761//1721 1760//1720 1771//1731
f 1771//1731 1772//1728 1770//1726
f 1803//1727 1784//1719 1773//1732
f 1805//1733 1773//1732 1774//1734
f 1775//1735 1802//1736 1776//1737
f 1780//1738 1777//1739 1781//1740
f 1782//1741 1788//1742 1783//1743
f 1774//1734 1773//1732 1785//1744
f 1774//1734 1785//1744 1802//1736
f 1778//1745 1777//1739 1780//1738
f 1784//1719 1759//1718 1773//1732
f 1776//1737 1802//1736 1787//1746
f 1776//1737 1787//1746 1777//1739
f 1773//1732 1759//1718 1786//1717
f 1802//1736 1785//1744 1787//1746
f 1785//1744 1788//1742 1787//1746
f 1787//1746 1782//1741 1777//1739
f 1777//1739 1782//1741 1781//1740
f 1785//1744 1786//1717 1788//1742
f 1787//1746 1788//1742 1782//1741
f 1786//1717 1789//1716 1790//1715
f 1786//1717 1790//1715 1788//1742
f 1788//1742 1790//1715 1783//1743
f 1810//1747 1756//1712 1791//1711
f 1792//1748 1798//1749 1793//1750
f 1791//1711 1798//1749 1792//1748
f 1793//1750 1796//1751 1795//1654
f 1793//1750 1795//1654 1794//1656
f 1791//1711 1799//1710 1798//1749
f 1793//1750 1798//1749 1796//1751
f 1799//1710 1800//1709 1798//1749
f 1798//1749 1800//1709 1796//1751
f 1800//1709 1797//1708 1796//1751
f 1797//1708 1706//1664 1707//1663
f 1707//1663 1795//1654 1796//1751
f 1814//1752 1794//1656 1713//1658
f 1813//1753 1815//1754 1801//1755
f 1813//1753 1801//1755 1780//1738
f 1713//1658 1714//1659 1815//1754
f 1815//1754 1714//1659 1801//1755
f 1780//1738 1801//1755 1779//1756
f 1780//1738 1779//1756 1778//1745
f 1802//1736 1775//1735 1774//1734
f 1773//1732 1805//1733 1803//1727
f 1803//1727 1772//1728 1784//1719
f 1778//1745 1779//1756 1804//1757
f 1778//1745 1804//1757 1775//1735
f 1760//1720 1772//1728 1771//1731
f 1767//1729 1765//1693 1766//1706
f 1763//1725 1769//1723 1768//1730
f 1768//1730 1764//1691 1767//1729
f 1769//1723 1745//1695 1768//1730
f 1768//1730 1745//1695 1764//1691
f 1770//1726 1763//1725 1768//1730
f 1770//1726 1767//1729 1771//1731
f 1766//1706 1761//1721 1767//1729
f 1741//1704 1762//1722 1766//1706
f 1803//1727 1805//1733 1763//1725
f 1763//1725 1805//1733 1808//1724
f 1776//1737 1777//1739 1778//1745
f 1808//1724 1805//1733 1774//1734
f 1807//1758 1774//1734 1775//1735
f 1746//1696 1808//1724 1807//1758
f 1746//1696 1807//1758 1806//1759
f 1807//1758 1808//1724 1774//1734
f 1806//1759 1807//1758 1775//1735
f 1806//1759 1775//1735 1804//1757
f 1773//1732 1786//1717 1785//1744
f 1775//1735 1776//1737 1778//1745
f 1790//1715 1758//1714 1783//1743
f 1809//1760 1758//1714 1757//1713
f 1810//1747 1809//1760 1757//1713
f 1810//1747 1757//1713 1756//1712
f 1783//1743 1758//1714 1809//1760
f 1792//1748 1810//1747 1791//1711
f 1782//1741 1783//1743 1811//1761
f 1811//1761 1783//1743 1809//1760
f 1811//1761 1809//1760 1810//1747
f 1811//1761 1810//1747 1812//1762
f 1812//1762 1810//1747 1792//1748
f 1781//1740 1782//1741 1811//1761
f 1812//1762 1792//1748 1793//1750
f 1813//1753 1781//1740 1811//1761
f 1813//1753 1811//1761 1812//1762
f 1814//1752 1812//1762 1793//1750
f 1814//1752 1793//1750 1794//1656
f 1813//1753 1812//1762 1815//1754
f 1815//1754 1812//1762 1814//1752
f 1780//1738 1781//1740 1813//1753
f 1713//1658 1815//1754 1814//1752
f 1796//1751 1797//1708 1707//1663
f 1816//1763 1817//1764 1818//1765
f 1818//1765 1819//1766 1816//1763
f 1818//1765 1820//1767 1819//1766
f 1823//1768 1824//1769 1821//1770
f 1824//1769 1823//1768 1826//1771
f 1822//1772 1823//1768 1821//1770
f 1825//1773 1826//1771 1823//1768
f 1827//1774 1828//1775 1829//1776
f 1831//1777 1830//1778 1829//1776
f 1830//1778 1827//1774 1829//1776
f 1834//1779 1832//1780 1833//1781
f 1833//1781 1832//1780 1835//1782
f 1833//1781 1835//1782 1836//1783
f 1837//1784 1926//1785 1835//1782
f 1835//1782 1926//1785 1836//1783
f 1838//1786 1839//1787 1831//1777
f 1831//1777 1829//1776 1838//1786
f 1826//1771 1840//1788 1824//1769
f 1824//1769 1840//1788 1841//1789
f 1824//1769 1841//1789 1842//1790
f 1824//1769 1842//1790 1821//1770
f 1821//1770 1842//1790 1902//1791
f 1819//1766 1940//1792 1843//1793
f 1819//1766 1843//1793 1816//1763
f 1816//1763 1843//1793 1844//1794
f 1816//1763 1844//1794 1845//1795
f 1846//1796 1940//1792 1819//1766
f 1846//1796 1819//1766 1820//1767
f 1909//1797 1914//1798 1732//1683
f 1732//1683 1914//1798 1733//1682
f 1847//1799 1822//1772 1902//1791
f 1902//1791 1822//1772 1821//1770
f 1845//1795 1944//1800 1816//1763
f 1816//1763 1944//1800 1817//1764
f 1817//1764 1944//1800 1848//1801
f 1817//1764 1848//1801 1818//1765
f 1818//1765 1848//1801 1849//1802
f 1818//1765 1849//1802 1846//1796
f 1818//1765 1846//1796 1820//1767
f 1880//1803 1850//1804 1851//1805
f 1851//1805 1850//1804 1852//1806
f 1851//1805 1852//1806 1853//1807
f 1851//1805 1853//1807 1854//1808
f 1854//1808 1853//1807 1855//1809
f 1854//1808 1855//1809 1856//1810
f 1856//1810 1855//1809 1857//1811
f 1856//1810 1857//1811 1858//1812
f 1858//1812 1857//1811 1859//1813
f 1858//1812 1859//1813 1860//1814
f 1858//1812 1860//1814 1861//1815
f 1861//1815 1860//1814 1862//1816
f 1861//1815 1862//1816 1863//1817
f 1863//1817 1862//1816 1864//1818
f 1863//1817 1864//1818 1865//1819
f 1863//1817 1865//1819 1866//1820
f 1866//1820 1865//1819 1867//1821
f 1866//1820 1867//1821 1868//1822
f 1868//1822 1867//1821 1869//1823
f 1868//1822 1869//1823 1870//1824
f 1868//1822 1870//1824 1871//1825
f 1871//1825 1870//1824 1872//1826
f 1871//1825 1872//1826 1873//1827
f 1873//1827 1872//1826 1884//1828
f 1873//1827 1884//1828 1874//1829
f 1873//1827 1874//1829 1875//1830
f 1875//1830 1874//1829 1876//1831
f 1875//1830 1876//1831 1877//1832
f 1875//1830 1877//1832 1878//1833
f 1878//1833 1877//1832 1879//1834
f 1878//1833 1879//1834 1880//1803
f 1880//1803 1879//1834 1881//1835
f 1880//1803 1881//1835 1882//1836
f 1880//1803 1882//1836 1850//1804
f 1892//1837 1881//1835 1883//1838
f 1891//1839 1874//1829 1884//1828
f 1859//1813 1886//1840 1860//1814
f 1860//1814 1887//1841 1862//1816
f 1860//1814 1886//1840 1887//1841
f 1862//1816 1887//1841 1864//1818
f 1887//1841 1888//1842 1864//1818
f 1864//1818 1888//1842 1865//1819
f 1865//1819 1889//1843 1867//1821
f 1865//1819 1888//1842 1889//1843
f 1867//1821 1889//1843 1869//1823
f 1889//1843 1890//1844 1869//1823
f 1869//1823 1890//1844 1870//1824
f 1870//1824 1890//1844 1891//1839
f 1870//1824 1891//1839 1872//1826
f 1891//1839 1884//1828 1872//1826
f 1881//1835 1892//1837 1882//1836
f 1876//1831 1874//1829 1883//1838
f 1876//1831 1883//1838 1877//1832
f 1882//1836 1892//1837 1850//1804
f 1850//1804 1892//1837 1893//1845
f 1852//1806 1894//1846 1853//1807
f 1853//1807 1895//1847 1855//1809
f 1855//1809 1895//1847 1885//1848
f 1855//1809 1885//1848 1857//1811
f 1857//1811 1885//1848 1859//1813
f 1859//1813 1885//1848 1886//1840
f 1877//1832 1883//1838 1879//1834
f 1879//1834 1883//1838 1881//1835
f 1850//1804 1893//1845 1852//1806
f 1852//1806 1893//1845 1894//1846
f 1853//1807 1894//1846 1895//1847
f 1825//1773 1896//1849 1840//1788
f 1825//1773 1840//1788 1826//1771
f 1822//1772 1847//1799 1823//1768
f 1823//1768 1847//1799 1897//1850
f 1823//1768 1897//1850 1825//1773
f 1825//1773 1897//1850 1896//1849
f 1896//1849 1897//1850 1939//1851
f 1847//1799 1898//1852 1897//1850
f 1847//1799 1902//1791 1898//1852
f 1898//1852 1902//1791 1899//1853
f 1901//1854 1902//1791 1842//1790
f 1902//1791 1901//1854 1899//1853
f 1842//1790 1841//1789 1900//1855
f 1903//1856 1900//1855 1841//1789
f 1903//1856 1841//1789 1840//1788
f 1900//1855 1901//1854 1842//1790
f 1896//1849 1903//1856 1840//1788
f 1903//1856 1896//1849 1939//1851
f 1910//1857 1904//1858 1729//1681
f 1729//1681 1904//1858 1731//1684
f 1731//1684 1904//1858 1909//1797
f 1731//1684 1909//1797 1732//1683
f 1910//1857 1729//1681 1905//1859
f 1905//1859 1729//1681 1728//1680
f 1914//1798 1906//1860 1733//1682
f 1733//1682 1906//1860 1730//1679
f 1730//1679 1906//1860 1907//1861
f 1730//1679 1907//1861 1908//1862
f 1730//1679 1908//1862 1728//1680
f 1728//1680 1908//1862 1905//1859
f 1911//1863 1910//1857 1916//1864
f 1911//1863 1904//1858 1910//1857
f 1911//1863 1898//1852 1909//1797
f 1911//1863 1909//1797 1904//1858
f 1910//1857 1905//1859 1916//1864
f 1916//1864 1905//1859 1912//1865
f 1907//1861 1906//1860 1913//1866
f 1915//1867 1912//1865 1905//1859
f 1915//1867 1905//1859 1908//1862
f 1915//1867 1908//1862 1907//1861
f 1915//1867 1907//1861 1913//1866
f 1913//1866 1906//1860 1899//1853
f 1899//1853 1906//1860 1914//1798
f 1898//1852 1899//1853 1909//1797
f 1909//1797 1899//1853 1914//1798
f 1912//1865 1838//1786 1916//1864
f 1912//1865 1839//1787 1838//1786
f 1828//1775 1920//1868 1917//1869
f 1828//1775 1917//1869 1829//1776
f 1829//1776 1917//1869 1838//1786
f 1920//1868 1827//1774 1922//1870
f 1920//1868 1828//1775 1827//1774
f 1839//1787 1918//1871 1831//1777
f 1831//1777 1918//1871 1830//1778
f 1830//1778 1918//1871 1925//1872
f 1830//1778 1925//1872 1919//1873
f 1830//1778 1919//1873 1827//1774
f 1827//1774 1919//1873 1922//1870
f 1927//1874 1921//1875 1920//1868
f 1838//1786 1921//1875 1916//1864
f 1917//1869 1920//1868 1921//1875
f 1917//1869 1921//1875 1838//1786
f 1926//1785 1927//1874 1922//1870
f 1922//1870 1927//1874 1920//1868
f 1922//1870 1924//1876 1926//1785
f 1924//1876 1922//1870 1919//1873
f 1924//1876 1919//1873 1925//1872
f 1923//1877 1925//1872 1918//1871
f 1923//1877 1918//1871 1912//1865
f 1912//1865 1918//1871 1839//1787
f 1923//1877 1924//1876 1925//1872
f 1926//1785 1837//1784 1927//1874
f 1928//1878 1929//1879 1832//1780
f 1832//1780 1929//1879 1835//1782
f 1835//1782 1929//1879 1837//1784
f 1928//1878 1832//1780 1930//1880
f 1930//1880 1832//1780 1834//1779
f 1836//1783 1926//1785 1931//1881
f 1836//1783 1931//1881 1833//1781
f 1833//1781 1931//1881 1932//1882
f 1833//1781 1932//1882 1933//1883
f 1833//1781 1933//1883 1834//1779
f 1834//1779 1933//1883 1930//1880
f 1929//1879 1928//1878 1934//1884
f 1934//1884 1928//1878 1938//1885
f 1929//1879 1934//1884 1927//1874
f 1929//1879 1927//1874 1837//1784
f 1928//1878 1930//1880 1935//1886
f 1928//1878 1935//1886 1938//1885
f 1933//1883 1936//1887 1930//1880
f 1936//1887 1933//1883 1932//1882
f 1936//1887 1932//1882 1937//1888
f 1937//1888 1932//1882 1931//1881
f 1937//1888 1931//1881 1926//1785
f 1930//1880 1936//1887 1935//1886
f 1935//1886 1944//1800 1845//1795
f 1938//1885 1935//1886 1845//1795
f 1903//1856 1939//1851 1846//1796
f 1846//1796 1939//1851 1940//1792
f 1934//1884 1938//1885 1927//1874
f 1938//1885 1941//1889 1927//1874
f 1927//1874 1941//1889 1939//1851
f 1897//1850 1898//1852 1939//1851
f 1898//1852 1911//1863 1939//1851
f 1939//1851 1911//1863 1916//1864
f 1939//1851 1916//1864 1921//1875
f 1921//1875 1927//1874 1939//1851
f 1845//1795 1844//1794 1938//1885
f 1938//1885 1844//1794 1941//1889
f 1844//1794 1843//1793 1941//1889
f 1939//1851 1843//1793 1940//1792
f 1843//1793 1939//1851 1941//1889
f 1903//1856 1893//1845 1892//1837
f 1893//1845 1903//1856 1894//1846
f 1894//1846 1903//1856 1942//1890
f 1894//1846 1942//1890 1943//1891
f 1894//1846 1943//1891 1895//1847
f 1895//1847 1943//1891 1885//1848
f 1885//1848 1943//1891 1935//1886
f 1885//1848 1935//1886 1936//1887
f 1885//1848 1936//1887 1886//1840
f 1886//1840 1936//1887 1937//1888
f 1886//1840 1937//1888 1887//1841
f 1887//1841 1937//1888 1926//1785
f 1887//1841 1926//1785 1924//1876
f 1887//1841 1924//1876 1888//1842
f 1888//1842 1924//1876 1923//1877
f 1888//1842 1923//1877 1889//1843
f 1889//1843 1923//1877 1890//1844
f 1890//1844 1923//1877 1912//1865
f 1890//1844 1912//1865 1915//1867
f 1890//1844 1915//1867 1891//1839
f 1891//1839 1915//1867 1913//1866
f 1891//1839 1913//1866 1874//1829
f 1874//1829 1913//1866 1899//1853
f 1874//1829 1899//1853 1883//1838
f 1883//1838 1899//1853 1901//1854
f 1883//1838 1901//1854 1900//1855
f 1883//1838 1900//1855 1892//1837
f 1892//1837 1900//1855 1903//1856
f 1942//1890 1846//1796 1849//1802
f 1942//1890 1849//1802 1848//1801
f 1848//1801 1944//1800 1935//1886
f 1943//1891 1942//1890 1848//1801
f 1942//1890 1903//1856 1846//1796
f 1943//1891 1848//1801 1935//1886
f 1945//1892 1727//1678 1726//1677
f 1945//1892 1726//1677 1738//1688
f 1721//1672 1619//1567 1722//1673
f 1722//1673 1619//1567 1618//1566
f 1722//1673 1618//1566 1718//1669
f 1718//1669 1618//1566 1615//1563
f 1718//1669 1615//1563 1613//1561
f 1718//1669 1613//1561 1623//1572
f 1623//1572 1613//1561 1612//1560
f 1620//1569 1619//1567 1724//1675
f 1724//1675 1619//1567 1721//1672
f 1697//1645 1622//1571 1723//1674
f 1723//1674 1622//1571 1621//1570
f 1723//1674 1621//1570 1724//1675
f 1724//1675 1621//1570 1620//1569
f 1699//1647 1720//1671 1945//1892
f 1945//1892 1720//1671 1617//1565
f 1945//1892 1617//1565 1727//1678
f 1727//1678 1617//1565 1734//1568
f 1611//1559 1716//1667 1715//1666
f 1611//1559 1614//1562 1716//1667
f 1720//1671 1719//1670 1617//1565
f 1617//1565 1719//1670 1616//1564
f 1616//1564 1719//1670 1614//1562
f 1614//1562 1719//1670 1717//1668
f 1614//1562 1717//1668 1716//1667
f 1946//1893 1947//1894 1948//1895
f 1946//1893 1948//1895 1949//1650
f 1949//1650 1948//1895 1950//1896
f 1949//1650 1950//1896 1701//1649
f 1701//1649 1950//1896 1709//1660
f 1709//1660 1950//1896 1951//1897
f 1709//1660 1951//1897 1710//1651
f 1710//1651 1951//1897 1952//1898
f 1710//1651 1952//1898 1953//1899
f 1710//1651 1953//1899 1708//1652
f 1708//1652 1953//1899 1954//1900
f 1708//1652 1954//1900 1711//1655
f 1711//1655 1954//1900 1712//1657
f 1712//1657 1954//1900 1955//1901
f 1712//1657 1955//1901 1956//1902
f 1712//1657 1956//1902 1714//1659
f 1714//1659 1956//1902 1957//1903
f 1714//1659 1957//1903 1801//1755
f 1801//1755 1957//1903 1958//1904
f 1801//1755 1958//1904 1779//1756
f 1779//1756 1958//1904 1959//1905
f 1779//1756 1959//1905 1804//1757
f 1804//1757 1959//1905 1960//1906
f 1804//1757 1960//1906 1806//1759
f 1806//1759 1960//1906 1961//1907
f 1806//1759 1961//1907 1746//1696
f 1746//1696 1961//1907 1744//1694
f 1744//1694 1961//1907 1962//1908
f 1744//1694 1962//1908 1743//1692
f 1743//1692 1962//1908 1963//1909
f 1743//1692 1963//1909 1742//1697
f 1742//1697 1963//1909 1964//1910
f 1742//1697 1964//1910 1753//1701
f 1753//1701 1964//1910 1965//1911
f 1753//1701 1965//1911 1754//1702
f 1754//1702 1965//1911 1966//1912
f 1754//1702 1966//1912 1967//1913
f 1754//1702 1967//1913 1752//1699
f 1752//1699 1967//1913 1968//1914
f 1752//1699 1968//1914 1755//1703
f 1755//1703 1968//1914 1969//1915
f 1969//1915 1968//1914 1970//1916
f 1972//1917 1948//1895 1971//1918
f 1971//1918 1948//1895 1947//1894
f 1851//1805 1973//1919 1972//1917
f 1851//1805 1854//1808 1973//1919
f 1973//1919 1950//1896 1948//1895
f 1854//1808 1856//1810 1975//1920
f 1977//1921 1955//1901 1954//1900
f 1979//1922 1957//1903 1956//1902
f 1863//1817 1980//1923 1978//1924
f 1979//1922 1958//1904 1957//1903
f 1981//1925 1982//1926 1960//1906
f 1960//1906 1982//1926 1961//1907
f 1873//1827 1983//1927 1871//1825
f 1984//1928 1964//1910 1963//1909
f 1984//1928 1965//1911 1964//1910
f 1985//1929 1878//1833 1986//1930
f 1880//1803 1987//1931 1878//1833
f 1970//1916 1968//1914 1988//1932
f 1968//1914 1986//1930 1987//1931
f 1987//1931 1986//1930 1878//1833
f 1985//1929 1875//1830 1878//1833
f 1965//1911 1984//1928 1985//1929
f 1985//1929 1983//1927 1875//1830
f 1875//1830 1983//1927 1873//1827
f 1982//1926 1962//1908 1961//1907
f 1981//1925 1866//1820 1868//1822
f 1955//1901 1977//1921 1956//1902
f 1976//1933 1858//1812 1861//1815
f 1952//1898 1951//1897 1974//1934
f 1950//1896 1974//1934 1951//1897
f 1975//1920 1856//1810 1976//1933
f 1952//1898 1975//1920 1953//1899
f 1953//1899 1975//1920 1976//1933
f 1856//1810 1858//1812 1976//1933
f 1866//1820 1981//1925 1980//1923
f 1981//1925 1960//1906 1959//1905
f 1982//1926 1981//1925 1868//1822
f 1871//1825 1983//1927 1868//1822
f 1983//1927 1985//1929 1984//1928
f 1986//1930 1967//1913 1966//1912
f 1880//1803 1851//1805 1987//1931
f 1987//1931 1971//1918 1988//1932
f 1987//1931 1851//1805 1972//1917
f 1987//1931 1972//1917 1971//1918
f 1854//1808 1975//1920 1973//1919
f 1973//1919 1975//1920 1974//1934
f 1973//1919 1948//1895 1972//1917
f 1974//1934 1950//1896 1973//1919
f 1975//1920 1952//1898 1974//1934
f 1976//1933 1954//1900 1953//1899
f 1976//1933 1977//1921 1954//1900
f 1861//1815 1978//1924 1976//1933
f 1978//1924 1977//1921 1976//1933
f 1978//1924 1956//1902 1977//1921
f 1956//1902 1978//1924 1979//1922
f 1863//1817 1978//1924 1861//1815
f 1980//1923 1979//1922 1978//1924
f 1980//1923 1959//1905 1979//1922
f 1959//1905 1958//1904 1979//1922
f 1866//1820 1980//1923 1863//1817
f 1959//1905 1980//1923 1981//1925
f 1868//1822 1983//1927 1982//1926
f 1983//1927 1962//1908 1982//1926
f 1983//1927 1963//1909 1962//1908
f 1984//1928 1963//1909 1983//1927
f 1965//1911 1985//1929 1986//1930
f 1966//1912 1965//1911 1986//1930
f 1967//1913 1986//1930 1968//1914
f 1968//1914 1987//1931 1988//1932
f 1946//1893 1989//1935 1947//1894
f 1989//1935 1990//1936 1947//1894
f 1947//1894 1990//1936 1971//1918
f 1988//1932 1971//1918 1990//1936
f 1988//1932 1990//1936 1991//1937
f 1991//1937 1990//1936 1989//1935
f 1991//1937 1989//1935 1992//1938
f 1970//1916 1992//1938 1969//1915
f 1970//1916 1988//1932 1991//1937
f 1991//1937 1992//1938 1970//1916
f 1945//1892 1738//1688 1995//1939
f 1995//1939 1738//1688 1592//1542
f 1995//1939 1592//1542 1586//1534
f 1586//1534 1739//1690 1995//1939
f 1751//1644 1699//1647 1750//1698
f 1750//1698 1699//1647 1993//1940
f 1748//1707 1993//1940 1994//1941
f 1994//1941 1995//1939 1747//1705
f 1747//1705 1995//1939 1739//1690
f 1747//1705 1748//1707 1994//1941
f 1748//1707 1749//1700 1993//1940
f 1993//1940 1749//1700 1750//1698
f 1755//1703 1685//1613 1678//1629
f 1685//1613 1755//1703 1992//1938
f 1992//1938 1755//1703 1969//1915
f 1685//1613 1992//1938 1666//1614
f 1666//1614 1992//1938 1989//1935
f 1666//1614 1989//1935 1668//1617
f 1668//1617 1989//1935 1946//1893
f 1668//1617 1946//1893 1949//1650
f 1668//1617 1949//1650 1670//1619
f 1945//1892 1995//1939 1994//1941
f 1994//1941 1993//1940 1945//1892
f 1945//1892 1993//1940 1699//1647
f 1734//1568 1737//1687 1727//1678
f 1727//1678 1737//1687 1736//1686
f 1736//1686 1735//1685 1727//1678
f 1727//1678 1735//1685 1725//1676
f 1589//1537 1587//1535 1996//1942
f 1996//1942 1587//1535 1997//1943
f 1587//1535 1593//1543 1997//1943
f 1997//1943 1593//1543 1998//1944
f 1593//1543 1595//1545 1998//1944
f 1998//1944 1595//1545 1999//1945
f 1595//1545 1598//1548 1999//1945
f 1999//1945 1598//1548 2000//1946
f 2000//1946 1598//1548 2001//1947
f 2001//1947 1598//1548 1600//1550
f 2001//1947 1600//1550 2002//1948
f 2002//1948 1600//1550 1602//1552
f 2002//1948 1602//1552 2003//1949
f 2003//1949 1602//1552 1604//1554
f 2003//1949 1604//1554 2004//1950
f 2004//1950 1604//1554 1606//1556
f 2004//1950 1606//1556 1608//1558
f 2004//1950 1608//1558 2005//1951
f 2005//1951 1608//1558 1610//1541
f 2005//1951 1610//1541 2006//1952
f 2006//1952 1610//1541 1591//1539
f 2006//1952 1591//1539 2007//1953
f 2007//1953 1591//1539 1589//1537
f 2007//1953 1589//1537 1996//1942
f 2000//1946 2001//1947 1999//1945
f 1999//1945 2001//1947 2002//1948
f 1999//1945 2002//1948 2003//1949
f 1999//1945 2003//1949 2004//1950
f 1999//1945 2004//1950 1998//1944
f 1998//1944 2004//1950 1997//1943
f 1997//1943 2004//1950 2005//1951
f 2005//1951 2006//1952 1997//1943
f 1997//1943 2006//1952 1996//1942
f 1996//1942 2006//1952 2007//1953
g Propeller_Propeller
v 82.895782 30.682728 4.379330
v 87.387680 27.818232 5.850584
v 83.583076 38.271976 14.488629
v 85.988777 37.484173 16.166464
v 87.906403 34.994926 16.020056
v 88.578369 28.032858 8.577769
v 89.093987 30.830660 13.227812
v 81.623764 36.927872 11.270599
v 81.171173 33.991741 7.298972
v 88.276932 28.728689 5.399617
v 89.147339 28.637911 7.235647
v 89.002098 35.283367 15.147311
v 87.227577 37.870098 15.603761
v 82.580635 33.258751 5.038357
v 81.943771 36.063202 8.131312
v 82.961189 38.460423 11.839573
v 85.344162 39.033058 14.717596
v 84.053764 31.124134 3.549743
v 82.938759 25.372429 6.725522
v 83.583015 22.166864 18.932047
v 87.346527 22.324377 5.274782
v 85.988770 20.364033 19.362295
v 88.578369 20.404182 7.241452
v 87.906403 18.926348 17.324808
v 89.093979 18.513037 12.328115
v 81.623764 23.844791 15.874816
v 81.171173 25.119291 11.102975
v 88.292465 23.246777 5.742063
v 89.147339 21.830742 6.877702
v 89.002098 19.788559 17.006201
v 87.227409 21.047682 19.314669
v 84.066208 26.275734 6.529583
v 82.580635 26.429701 9.120431
v 81.943771 25.760077 13.241461
v 82.961182 24.355484 17.427752
v 85.344223 22.462332 19.669903
v 82.976097 20.195400 4.024126
v 83.583076 8.651478 9.111045
v 87.335686 19.429607 0.702191
v 85.988770 7.191013 7.969640
v 87.906403 7.887661 5.575380
v 88.578369 16.692562 0.443932
v 89.093979 11.536535 2.136857
v 81.623764 12.087920 8.516717
v 81.171173 16.613319 6.537973
v 88.271278 19.621107 1.862264
v 89.147339 17.866394 1.332467
v 89.002098 8.674341 6.050795
v 87.227577 7.653734 8.471102
v 83.974701 20.918293 4.617948
v 81.994003 17.257933 7.430784
v 82.729126 11.593516 9.810810
v 85.344124 8.258934 9.802109
v 82.976204 19.077677 -1.725234
v 83.583076 7.903160 -7.579031
v 87.338844 21.196083 -4.399120
v 85.988770 7.884958 -9.432520
v 87.906403 10.191221 -10.380656
v 88.578369 19.692915 -6.696115
v 89.093979 15.154604 -9.671738
v 81.623764 10.510411 -5.262870
v 81.171173 14.879000 -2.958496
v 88.282959 20.425579 -3.523253
v 89.147339 19.730104 -5.224382
v 89.002098 10.310015 -9.469189
v 87.227577 7.781404 -8.758095
v 84.054329 19.092720 -0.825927
v 82.580635 16.520241 -1.239785
v 81.943771 12.651536 -2.809636
v 82.961182 8.882759 -5.110547
v 85.344124 7.118118 -7.455065
v 82.976181 22.875954 -6.183796
v 83.583084 20.485418 -18.570181
v 87.336548 26.285301 -6.192833
v 85.988777 21.923187 -19.740036
v 87.906403 24.102400 -18.528090
v 88.578369 27.145920 -8.802090
v 89.093987 26.642763 -14.205553
v 81.623764 20.300165 -15.087649
v 81.171173 21.222303 -10.235394
v 88.281921 25.141294 -6.251783
v 89.147339 26.018459 -7.855405
v 89.002098 23.463854 -17.866919
v 87.227570 21.331329 -19.400509
v 84.053932 22.179344 -5.613090
v 82.580635 20.901857 -7.880622
v 81.943771 19.717121 -11.884079
v 82.961182 19.166252 -16.265223
v 85.344154 19.899048 -19.106684
v 82.976151 28.729969 -5.994030
v 83.583084 36.923553 -15.585845
v 87.335922 30.861744 -3.333889
v 85.988777 38.734627 -15.191146
v 87.906403 39.145798 -12.731731
v 88.578369 33.439308 -4.288151
v 89.093987 37.350197 -8.050539
v 81.623764 34.085300 -13.559361
v 81.171173 30.866598 -9.813073
v 88.288986 30.210548 -4.163203
v 89.147346 31.996201 -4.579386
v 89.002098 38.230747 -12.818736
v 87.227577 38.100151 -15.442183
v 82.580635 28.825768 -8.595428
v 81.943771 31.217125 -12.017809
v 82.961182 34.298977 -15.180091
v 85.344116 36.977383 -16.378788
v 84.062820 27.841534 -6.200453
v 82.899162 32.206726 -1.247853
v 83.583046 44.839302 -0.873283
v 87.376312 31.541267 1.942096
v 85.988640 45.660263 0.784424
v 88.578369 33.834034 3.446615
v 87.906403 43.993431 2.643639
v 89.093987 39.213982 4.158457
v 81.623764 41.485321 -1.828835
v 81.171173 36.549534 -2.009545
v 88.275642 31.786522 0.926685
v 89.147339 33.161964 2.136764
v 89.002098 43.490952 1.873945
v 87.227394 45.461334 0.132835
v 84.054070 31.829865 -2.104741
v 82.580635 34.325104 -2.845942
v 81.943771 38.491817 -3.110123
v 82.961182 42.885693 -2.672284
v 85.344139 45.492844 -1.325582
v 81.089958 30.426105 1.805618
v 80.083549 29.536943 3.140831
v 81.087151 27.710146 4.637887
v 80.083504 26.682484 5.013621
v 81.089958 23.789412 4.809196
v 80.083389 21.931376 3.725962
v 81.087151 20.957140 2.093235
v 80.083542 20.555719 -0.353406
v 81.089958 20.785831 -1.827500
v 80.083405 22.468594 -4.209032
v 81.087151 23.501793 -4.659771
v 80.083534 26.965197 -4.915502
v 81.089958 27.422527 -4.831079
v 80.083549 29.573400 -3.134768
v 81.087151 30.254799 -2.115119
v 80.083511 30.726398 0.075958
v 84.302422 27.855595 -1.134773
v 84.286507 26.559921 -2.297510
v 84.301613 24.650417 -2.320599
v 84.309105 23.242985 -0.814926
v 84.302422 23.356344 1.112890
v 84.286507 24.652018 2.275627
v 84.301613 26.561520 2.298716
v 84.309105 27.968954 0.793043
v 87.574394 29.092316 -3.091984
v 87.580574 26.070114 -4.582364
v 87.577385 23.135647 -3.900666
v 87.574409 20.994545 -0.850698
v 87.574394 22.119621 3.070101
v 87.580574 25.141823 4.560481
v 87.577385 28.076290 3.878783
v 87.574409 30.217392 0.828814
v 89.083557 30.114405 0.879924
v 89.083557 28.774826 3.300527
v 89.083557 25.935452 4.615887
v 89.083557 22.728279 3.589150
v 89.083557 21.092888 0.923862
v 89.083557 21.735321 -2.627988
v 89.083557 25.397598 -4.697094
v 89.083557 29.411547 -2.786516
v 80.083778 32.336906 2.243379
v 80.083572 30.571676 4.967979
v 80.083710 27.869066 6.714105
v 80.083603 24.509872 6.954849
v 80.083817 20.942055 5.391603
v 80.083603 18.920525 2.211481
v 80.083794 18.616817 -1.324922
v 80.083710 20.655460 -5.094001
v 80.084541 25.229292 -7.247610
v 80.083664 29.920368 -5.626462
v 80.083588 31.923441 -3.130613
v 80.083572 32.570408 -0.925967
v 89.084518 31.228701 -2.462659
v 89.083900 27.800688 -5.690338
v 89.083565 24.791880 -5.981007
v 89.083733 22.323568 -5.103868
v 89.083664 20.085251 -2.549188
v 89.083572 19.591690 -0.123370
v 89.083817 20.138033 2.732942
v 89.083565 21.872246 4.698638
v 89.083588 23.421261 5.625430
v 89.084480 27.248610 5.905005
v 89.083748 30.707960 3.269448
v 89.083565 31.545746 0.956930
v 77.982300 30.508337 1.532915
v 77.983559 27.682856 1.582322
v 77.981827 27.893318 4.631636
v 77.983559 25.758055 2.526646
v 77.981071 23.436396 4.709083
v 77.983559 23.810287 1.872834
v 77.978752 20.415344 0.787178
v 77.983559 23.099106 -0.979901
v 77.976196 22.672256 -4.455085
v 77.983559 25.731022 -2.641678
v 77.981644 27.893263 -4.653408
v 77.983559 27.999689 -1.070210
v 77.983078 30.347534 -1.887740
v 75.376877 22.343468 -1.511229
v 75.382729 25.177950 -3.429274
v 75.379829 28.154219 -2.463329
v 75.376877 28.868473 1.489346
v 75.382729 26.033989 3.407391
v 75.379829 23.057720 2.441446
v 79.583557 28.234013 0.335278
v 79.583557 26.443213 -2.629683
v 79.583557 23.387363 -1.400090
v 79.583557 23.565638 1.799793
v 79.583557 26.538923 2.403477
v 84.301399 26.821695 -0.476791
v 84.299255 26.213354 -1.185186
v 84.333557 24.970827 -1.201230
v 84.099174 24.331253 -0.768092
v 84.544205 24.124498 0.218752
v 84.099174 24.387705 0.834049
v 84.570099 25.271328 1.423769
v 84.225761 25.758125 1.352352
v 84.305573 26.787579 0.621905
v 87.577255 29.028080 0.841504
v 87.580627 27.337460 3.082447
v 87.577843 24.609995 3.363469
v 87.575516 22.290104 1.369852
v 87.586662 22.541428 -1.765450
v 87.577843 24.609995 -3.385352
v 87.584793 26.718027 -3.304593
v 87.578735 28.585495 -1.931817
v 89.083771 28.679304 1.883923
v 89.083649 25.370472 3.530084
v 89.083656 22.529575 1.758376
v 89.083618 22.395214 -1.483604
v 89.083649 24.938471 -3.496459
v 89.083794 28.480644 -2.217993
v 79.583557 27.918413 3.440540
v 79.583557 23.518623 3.604878
v 79.583557 21.550838 0.298971
v 79.583557 22.624418 -2.799579
v 79.583557 25.996952 -4.108775
v 79.583557 28.827534 -2.447411
v 79.583557 29.649548 0.258364
v 81.087166 21.721470 1.140420
v 81.093636 23.907019 3.735122
v 81.086250 27.187445 3.704988
v 81.088318 29.308475 1.668466
v 81.089752 29.360573 -1.609089
v 81.084999 27.368599 -3.618678
v 81.087166 24.791246 -3.979718
v 81.091507 22.092451 -2.117244
vn -0.4478 0.5764 0.6836
vn -0.0031 -0.1084 0.9941
vn -0.7455 0.2353 0.6236
vn -0.0091 -0.3421 0.9396
vn 0.0827 -0.9236 0.3743
vn 0.3281 -0.7076 0.6258
vn -0.2827 0.0530 0.9577
vn -0.9547 0.0148 0.2973
vn -0.9783 -0.2072 0.0048
vn 0.7615 0.5295 0.3738
vn 0.9301 -0.2635 -0.2559
vn 0.9237 0.2631 0.2785
vn 0.6339 0.6950 0.3393
vn 0.1498 0.9755 0.1612
vn 0.1723 0.9826 0.0689
vn -0.2947 0.5384 -0.7894
vn -0.3453 0.7624 -0.5473
vn -0.2331 0.9369 -0.2604
vn -0.2840 -0.7149 0.6390
vn -0.5004 -0.1081 0.8590
vn 0.0222 -0.8766 0.4807
vn -0.0057 -0.9473 0.3204
vn 0.1052 -0.8729 -0.4764
vn 0.3281 -0.9305 -0.1630
vn -0.7461 -0.3428 0.5708
vn -0.9544 -0.2266 0.1942
vn -0.9759 -0.1431 -0.1650
vn 0.7280 -0.0795 0.6810
vn 0.9366 0.0485 -0.3471
vn 0.9241 -0.0518 0.3786
vn 0.6344 0.1703 0.7541
vn 0.1506 0.4825 0.8629
vn 0.1801 0.5450 0.8189
vn -0.3039 0.9497 -0.0752
vn -0.3453 0.9033 0.2548
vn -0.2338 0.7873 0.5705
vn -0.4559 -0.7950 0.4002
vn 0.0443 -0.9213 -0.3863
vn -0.2846 -0.9452 -0.1603
vn -0.0050 -0.8412 -0.5406
vn 0.1093 -0.1734 -0.9788
vn 0.3281 -0.4527 -0.8291
vn -0.7508 -0.6528 0.1006
vn -0.9635 -0.2577 -0.0721
vn -0.9703 0.0066 -0.2419
vn 0.9926 -0.1133 -0.0446
vn 0.9347 0.2998 -0.1909
vn 0.9236 -0.3305 0.1942
vn 0.6338 -0.4858 0.6020
vn 0.1452 -0.3711 0.9172
vn 0.1682 -0.3526 0.9205
vn -0.3127 0.5281 0.7895
vn -0.2608 0.0809 0.9620
vn -0.4706 -0.7752 -0.4215
vn 0.0209 -0.2727 -0.9619
vn -0.2846 -0.4640 -0.8389
vn -0.0050 -0.1018 -0.9948
vn 0.1093 0.6571 -0.7459
vn 0.3281 0.3660 -0.8709
vn -0.7465 -0.4791 -0.4617
vn -0.9543 -0.1369 -0.2657
vn -0.9744 0.1974 -0.1073
vn 0.7473 -0.6350 -0.1957
vn 0.9351 0.3358 0.1129
vn 0.9236 -0.3579 -0.1374
vn 0.6337 -0.7735 -0.0045
vn 0.1495 -0.9489 0.2779
vn 0.3173 -0.9430 -0.1006
vn -0.3022 -0.1331 0.9439
vn -0.3453 -0.4494 0.8239
vn -0.2330 -0.7311 0.6412
vn -0.9526 -0.2453 0.1802
vn 0.0548 0.5873 -0.8075
vn -0.2846 0.3666 -0.8858
vn -0.0050 0.7143 -0.6998
vn 0.1093 0.9928 0.0488
vn 0.3281 0.9090 -0.2568
vn -0.7465 0.0623 -0.6624
vn -0.9543 0.1223 -0.2727
vn -0.9744 0.2070 0.0874
vn 0.8292 -0.1242 -0.5449
vn 0.9353 0.1179 0.3336
vn 0.9237 -0.1162 -0.3651
vn 0.6339 -0.4790 -0.6072
vn 0.1498 -0.8089 -0.5685
vn 0.1535 -0.8486 -0.5063
vn -0.3028 -0.8208 0.4843
vn -0.3453 -0.9244 0.1623
vn -0.2331 -0.9571 -0.1719
vn -0.5603 0.3829 -0.7345
vn -0.0019 0.9950 -0.1000
vn -0.2846 0.9211 -0.2657
vn -0.0050 0.9925 0.1221
vn 0.1093 0.5808 0.8066
vn 0.3281 0.7676 0.5506
vn -0.7465 0.5567 -0.3643
vn -0.9543 0.2895 -0.0744
vn -0.9744 0.0607 0.2164
vn 0.7853 0.2759 -0.5542
vn 0.9371 -0.1931 0.2909
vn 0.9241 0.2108 -0.3188
vn 0.6346 0.1745 -0.7529
vn 0.1509 -0.0602 -0.9867
vn 0.1582 -0.1764 -0.9715
vn -0.3080 -0.8887 -0.3397
vn -0.3453 -0.7032 -0.6215
vn -0.2339 -0.4618 -0.8556
vn -0.7453 0.6345 0.2046
vn -0.4520 0.8920 -0.0103
vn 0.0360 0.6358 0.7710
vn -0.0086 0.5220 0.8529
vn 0.0890 -0.2792 0.9561
vn 0.3281 0.0481 0.9434
vn -0.2823 0.7826 0.5548
vn -0.9546 0.2415 0.1742
vn -0.9780 -0.1258 0.1662
vn 0.7354 0.6680 -0.1139
vn 0.9318 -0.3605 0.0432
vn 0.9238 0.3817 -0.0319
vn 0.6338 0.6984 -0.3324
vn 0.1495 0.7341 -0.6624
vn 0.1789 0.6999 -0.6915
vn -0.2949 -0.2818 -0.9130
vn -0.3453 0.0474 -0.9373
vn -0.2331 0.3806 -0.8949
vn -0.8307 -0.5566 0.0079
vn -0.2617 -0.9004 -0.3474
vn -0.8057 -0.4446 -0.3915
vn -0.2904 -0.4252 -0.8573
vn -0.8277 -0.0792 -0.5555
vn -0.1770 0.3188 -0.9312
vn -0.8637 0.3508 -0.3618
vn -0.2320 0.8994 -0.3706
vn -0.8130 0.5822 0.0109
vn -0.2184 0.9061 0.3622
vn -0.8559 0.3251 0.4022
vn -0.2737 0.3324 0.9026
vn -0.7851 -0.1111 0.6093
vn -0.2971 -0.3491 0.8887
vn -0.8043 -0.4460 0.3927
vn -0.2721 -0.8809 0.3872
vn -0.0401 -0.9006 0.4328
vn -0.0487 -0.3729 0.9266
vn -0.0459 0.3978 0.9163
vn -0.0431 0.9387 0.3421
vn -0.0401 0.9006 -0.4328
vn -0.0487 0.3729 -0.9266
vn -0.0459 -0.3978 -0.9163
vn -0.0431 -0.9387 -0.3421
vn 0.2567 -0.9537 -0.1565
vn 0.2564 -0.7107 0.6551
vn 0.2501 -0.1586 0.9551
vn 0.2229 0.5292 0.8187
vn 0.2406 0.9566 0.1647
vn 0.2608 0.7386 -0.6217
vn 0.2650 0.1267 -0.9559
vn 0.2634 -0.5277 -0.8075
vn 0.7739 -0.6244 -0.1057
vn 0.7886 -0.4418 -0.4276
vn 0.7941 -0.0485 -0.6059
vn 0.7862 0.3632 -0.5000
vn 0.8081 0.5743 -0.1311
vn 0.8170 0.4708 0.3331
vn 0.8163 0.0163 0.5773
vn 0.8269 -0.4582 0.3261
vn -0.6170 0.7485 0.2430
vn -0.6283 0.7740 -0.0781
vn -0.6251 0.5471 0.5567
vn -0.6195 0.2551 0.7423
vn -0.6202 -0.1376 0.7723
vn -0.6153 -0.5040 0.6061
vn -0.6134 -0.7739 -0.1576
vn -0.6226 -0.7442 0.2420
vn -0.6117 -0.5502 -0.5685
vn -0.5987 -0.0453 -0.7997
vn -0.6161 0.4656 -0.6354
vn -0.6292 0.6890 -0.3598
vn 0.7014 0.6602 -0.2688
vn 0.7525 0.6501 0.1051
vn 0.7023 0.2695 -0.6589
vn 0.7400 -0.0974 -0.6655
vn 0.7100 -0.3676 -0.6006
vn 0.7149 -0.6486 -0.2613
vn 0.7172 -0.6967 -0.0153
vn 0.7049 -0.6269 0.3320
vn 0.7231 -0.4450 0.5284
vn 0.7228 -0.2081 0.6590
vn 0.7048 0.1474 0.6939
vn 0.7090 0.5820 0.3982
vn 0.8448 0.4826 -0.2312
vn 0.4199 0.8682 0.2644
vn 0.8209 0.4561 0.3436
vn 0.4034 0.3990 0.8235
vn 0.8069 0.0061 0.5906
vn 0.4054 -0.3822 0.8304
vn 0.8127 -0.4108 0.4132
vn 0.3874 -0.9126 0.1306
vn 0.8604 -0.4791 -0.1739
vn 0.3868 -0.5083 -0.7694
vn 0.8377 -0.0263 -0.5456
vn 0.4095 0.3634 -0.8368
vn 0.4079 0.8574 -0.3138
vn -0.8053 -0.5452 -0.2329
vn -0.8259 -0.0597 -0.5607
vn -0.8310 0.4166 -0.3685
vn -0.8229 0.5213 0.2261
vn -0.8330 0.0696 0.5489
vn -0.8213 -0.4249 0.3806
vn -0.8391 0.5414 0.0529
vn -0.8672 0.1571 -0.4726
vn -0.8435 -0.4410 -0.3067
vn -0.8628 -0.3874 0.3247
vn -0.8169 0.1915 0.5440
vn 0.6161 -0.6960 -0.3688
vn 0.0570 -0.4755 -0.8779
vn -0.4408 -0.8896 0.1195
vn 0.4999 -0.7030 0.5058
vn -0.4675 -0.3301 0.8201
vn 0.1185 0.1058 0.9873
vn 0.0475 0.8858 0.4617
vn -0.2274 0.9566 0.1820
vn 0.0526 0.9450 -0.3228
vn -0.2845 0.8313 -0.4775
vn -0.2222 0.4661 0.8564
vn -0.2691 -0.3140 0.9105
vn -0.2664 -0.8961 0.3549
vn -0.2618 -0.8352 -0.4837
vn -0.2706 -0.3176 -0.9088
vn 0.0679 0.4235 -0.9034
vn -0.2149 0.3180 -0.9234
vn 0.6076 0.6815 0.4078
vn 0.6253 -0.0433 0.7791
vn 0.6316 -0.6604 0.4061
vn 0.6253 -0.7130 -0.3173
vn 0.6342 -0.1505 -0.7584
vn 0.6179 0.6324 -0.4673
vn -0.6197 0.7827 0.0576
vn -0.6045 0.4228 0.6752
vn -0.6053 -0.3912 0.6932
vn -0.6218 -0.7814 0.0532
vn -0.6237 -0.5478 -0.5576
vn -0.6207 0.0735 -0.7806
vn -0.6402 0.5957 -0.4851
vn 0.3088 -0.9034 0.2975
vn 0.3154 -0.3509 0.8817
vn 0.2986 0.3024 0.9052
vn 0.2977 0.8707 0.3914
vn 0.3239 0.8777 -0.3531
vn 0.3127 0.4357 -0.8440
vn 0.3075 -0.2361 -0.9218
vn 0.3210 -0.8214 -0.4715
s 1
f 2008//1954 2009//1955 2010//1956
f 2012//1957 2009//1955 2013//1958
f 2012//1957 2013//1958 2014//1959
f 2009//1955 2012//1957 2011//1960
f 2011//1960 2010//1956 2009//1955
f 2008//1954 2010//1956 2015//1961
f 2008//1954 2015//1961 2016//1962
f 2009//1955 2017//1963 2018//1964
f 2009//1955 2018//1964 2013//1958
f 2013//1958 2018//1964 2014//1959
f 2014//1959 2019//1965 2012//1957
f 2012//1957 2019//1965 2020//1966
f 2012//1957 2020//1966 2011//1960
f 2011//1960 2020//1966 2024//1967
f 2025//1968 2008//1954 2021//1969
f 2021//1969 2008//1954 2016//1962
f 2021//1969 2016//1962 2022//1970
f 2022//1970 2016//1962 2015//1961
f 2022//1970 2015//1961 2023//1971
f 2023//1971 2015//1961 2010//1956
f 2023//1971 2010//1956 2024//1967
f 2024//1967 2010//1956 2011//1960
f 2018//1964 2019//1965 2014//1959
f 2024//1967 2017//1963 2025//1968
f 2024//1967 2025//1968 2023//1971
f 2023//1971 2025//1968 2021//1969
f 2023//1971 2021//1969 2022//1970
f 2017//1963 2024//1967 2020//1966
f 2017//1963 2020//1966 2019//1965
f 2018//1964 2017//1963 2019//1965
f 2029//1972 2026//1973 2028//1974
f 2031//1975 2028//1974 2030//1976
f 2031//1975 2030//1976 2032//1977
f 2028//1974 2031//1975 2029//1972
f 2029//1972 2027//1978 2026//1973
f 2026//1973 2027//1978 2033//1979
f 2026//1973 2033//1979 2034//1980
f 2028//1974 2035//1981 2036//1982
f 2028//1974 2036//1982 2030//1976
f 2030//1976 2036//1982 2032//1977
f 2032//1977 2037//1983 2031//1975
f 2031//1975 2037//1983 2038//1984
f 2031//1975 2038//1984 2029//1972
f 2029//1972 2038//1984 2043//1985
f 2039//1986 2026//1973 2040//1987
f 2040//1987 2026//1973 2034//1980
f 2040//1987 2034//1980 2041//1988
f 2041//1988 2034//1980 2033//1979
f 2041//1988 2033//1979 2042//1989
f 2042//1989 2033//1979 2027//1978
f 2042//1989 2027//1978 2043//1985
f 2043//1985 2027//1978 2029//1972
f 2036//1982 2037//1983 2032//1977
f 2043//1985 2035//1981 2039//1986
f 2043//1985 2039//1986 2042//1989
f 2042//1989 2039//1986 2040//1987
f 2042//1989 2040//1987 2041//1988
f 2035//1981 2043//1985 2038//1984
f 2035//1981 2038//1984 2037//1983
f 2036//1982 2035//1981 2037//1983
f 2044//1990 2046//1991 2047//1992
f 2048//1993 2046//1991 2049//1994
f 2048//1993 2049//1994 2050//1995
f 2046//1991 2048//1993 2047//1992
f 2047//1992 2045//1996 2044//1990
f 2044//1990 2045//1996 2051//1997
f 2044//1990 2051//1997 2052//1998
f 2046//1991 2053//1999 2054//2000
f 2046//1991 2054//2000 2049//1994
f 2049//1994 2054//2000 2050//1995
f 2050//1995 2055//2001 2048//1993
f 2048//1993 2055//2001 2056//2002
f 2048//1993 2056//2002 2047//1992
f 2047//1992 2056//2002 2060//2003
f 2057//2004 2044//1990 2058//2005
f 2058//2005 2044//1990 2052//1998
f 2058//2005 2052//1998 2051//1997
f 2058//2005 2051//1997 2059//2006
f 2059//2006 2051//1997 2045//1996
f 2059//2006 2045//1996 2060//2003
f 2060//2003 2045//1996 2047//1992
f 2054//2000 2055//2001 2050//1995
f 2060//2003 2053//1999 2057//2004
f 2059//2006 2057//2004 2058//2005
f 2057//2004 2059//2006 2060//2003
f 2053//1999 2060//2003 2056//2002
f 2053//1999 2056//2002 2055//2001
f 2054//2000 2053//1999 2055//2001
f 2061//2007 2063//2008 2064//2009
f 2065//2010 2063//2008 2066//2011
f 2065//2010 2066//2011 2067//2012
f 2063//2008 2065//2010 2064//2009
f 2064//2009 2062//2013 2061//2007
f 2061//2007 2062//2013 2068//2014
f 2061//2007 2068//2014 2069//2015
f 2063//2008 2070//2016 2071//2017
f 2063//2008 2071//2017 2066//2011
f 2066//2011 2071//2017 2067//2012
f 2067//2012 2072//2018 2065//2010
f 2065//2010 2072//2018 2073//2019
f 2065//2010 2073//2019 2064//2009
f 2064//2009 2073//2019 2078//2020
f 2074//2021 2061//2007 2075//2022
f 2075//2022 2061//2007 2069//2015
f 2075//2022 2069//2015 2076//2023
f 2076//2023 2069//2015 2068//2014
f 2076//2023 2068//2014 2077//2024
f 2077//2024 2068//2014 2062//2013
f 2077//2024 2062//2013 2078//2020
f 2078//2020 2062//2013 2064//2009
f 2071//2017 2072//2018 2067//2012
f 2078//2020 2070//2016 2074//2021
f 2078//2020 2074//2021 2077//2024
f 2077//2024 2074//2021 2075//2022
f 2077//2024 2075//2022 2076//2023
f 2070//2016 2078//2020 2073//2019
f 2070//2016 2073//2019 2072//2018
f 2071//2017 2070//2016 2072//2018
f 2079//2025 2081//2026 2082//2027
f 2083//2028 2081//2026 2084//2029
f 2083//2028 2084//2029 2085//2030
f 2081//2026 2083//2028 2082//2027
f 2082//2027 2080//2031 2079//2025
f 2079//2025 2080//2031 2086//2032
f 2079//2025 2086//2032 2087//2033
f 2081//2026 2088//2034 2089//2035
f 2081//2026 2089//2035 2084//2029
f 2084//2029 2089//2035 2085//2030
f 2085//2030 2090//2036 2083//2028
f 2083//2028 2090//2036 2091//2037
f 2083//2028 2091//2037 2082//2027
f 2082//2027 2091//2037 2096//2038
f 2092//2039 2079//2025 2093//2040
f 2093//2040 2079//2025 2087//2033
f 2093//2040 2087//2033 2094//2041
f 2094//2041 2087//2033 2086//2032
f 2094//2041 2086//2032 2095//2042
f 2095//2042 2086//2032 2080//2031
f 2095//2042 2080//2031 2096//2038
f 2096//2038 2080//2031 2082//2027
f 2089//2035 2090//2036 2085//2030
f 2096//2038 2088//2034 2092//2039
f 2096//2038 2092//2039 2095//2042
f 2095//2042 2092//2039 2093//2040
f 2095//2042 2093//2040 2094//2041
f 2088//2034 2096//2038 2091//2037
f 2088//2034 2091//2037 2090//2036
f 2089//2035 2088//2034 2090//2036
f 2097//2043 2099//2044 2100//2045
f 2101//2046 2099//2044 2102//2047
f 2101//2046 2102//2047 2103//2048
f 2099//2044 2101//2046 2100//2045
f 2100//2045 2098//2049 2097//2043
f 2097//2043 2098//2049 2104//2050
f 2097//2043 2104//2050 2105//2051
f 2099//2044 2106//2052 2107//2053
f 2099//2044 2107//2053 2102//2047
f 2102//2047 2107//2053 2103//2048
f 2103//2048 2108//2054 2101//2046
f 2101//2046 2108//2054 2109//2055
f 2101//2046 2109//2055 2100//2045
f 2100//2045 2109//2055 2113//2056
f 2114//2057 2097//2043 2110//2058
f 2110//2058 2097//2043 2105//2051
f 2110//2058 2105//2051 2111//2059
f 2111//2059 2105//2051 2104//2050
f 2111//2059 2104//2050 2112//2060
f 2112//2060 2104//2050 2098//2049
f 2112//2060 2098//2049 2113//2056
f 2113//2056 2098//2049 2100//2045
f 2107//2053 2108//2054 2103//2048
f 2113//2056 2106//2052 2114//2057
f 2113//2056 2114//2057 2112//2060
f 2112//2060 2114//2057 2110//2058
f 2112//2060 2110//2058 2111//2059
f 2106//2052 2113//2056 2109//2055
f 2106//2052 2109//2055 2108//2054
f 2107//2053 2106//2052 2108//2054
f 2116//2061 2115//2062 2117//2063
f 2120//2064 2117//2063 2119//2065
f 2120//2064 2119//2065 2121//2066
f 2117//2063 2120//2064 2118//2067
f 2118//2067 2116//2061 2117//2063
f 2115//2062 2116//2061 2122//2068
f 2115//2062 2122//2068 2123//2069
f 2117//2063 2124//2070 2125//2071
f 2117//2063 2125//2071 2119//2065
f 2119//2065 2125//2071 2121//2066
f 2121//2066 2126//2072 2120//2064
f 2120//2064 2126//2072 2127//2073
f 2120//2064 2127//2073 2118//2067
f 2118//2067 2127//2073 2132//2074
f 2128//2075 2115//2062 2129//2076
f 2129//2076 2115//2062 2123//2069
f 2129//2076 2123//2069 2130//2077
f 2130//2077 2123//2069 2122//2068
f 2130//2077 2122//2068 2131//2078
f 2131//2078 2122//2068 2116//2061
f 2131//2078 2116//2061 2132//2074
f 2132//2074 2116//2061 2118//2067
f 2125//2071 2126//2072 2121//2066
f 2132//2074 2124//2070 2128//2075
f 2132//2074 2128//2075 2131//2078
f 2131//2078 2128//2075 2129//2076
f 2131//2078 2129//2076 2130//2077
f 2124//2070 2132//2074 2127//2073
f 2124//2070 2127//2073 2126//2072
f 2125//2071 2124//2070 2126//2072
f 2148//2079 2133//2080 2134//2081
f 2134//2081 2133//2080 2135//2082
f 2134//2081 2135//2082 2136//2083
f 2136//2083 2135//2082 2137//2084
f 2136//2083 2137//2084 2138//2085
f 2138//2085 2137//2084 2139//2086
f 2138//2085 2139//2086 2140//2087
f 2140//2087 2139//2086 2141//2088
f 2140//2087 2141//2088 2142//2089
f 2142//2089 2141//2088 2143//2090
f 2142//2089 2143//2090 2144//2091
f 2144//2091 2143//2090 2145//2092
f 2144//2091 2145//2092 2146//2093
f 2146//2093 2145//2092 2147//2094
f 2146//2093 2147//2094 2148//2079
f 2148//2079 2147//2094 2133//2080
f 2149//2095 2133//2080 2147//2094
f 2149//2095 2147//2094 2150//2096
f 2150//2096 2147//2094 2145//2092
f 2150//2096 2145//2092 2151//2097
f 2151//2097 2145//2092 2143//2090
f 2151//2097 2143//2090 2152//2098
f 2152//2098 2143//2090 2141//2088
f 2152//2098 2141//2088 2153//2099
f 2153//2099 2141//2088 2139//2086
f 2153//2099 2139//2086 2154//2100
f 2154//2100 2139//2086 2137//2084
f 2154//2100 2137//2084 2155//2101
f 2155//2101 2137//2084 2135//2082
f 2155//2101 2135//2082 2156//2102
f 2156//2102 2135//2082 2133//2080
f 2156//2102 2133//2080 2149//2095
f 2164//2103 2156//2102 2149//2095
f 2164//2103 2149//2095 2157//2104
f 2157//2104 2149//2095 2150//2096
f 2157//2104 2150//2096 2158//2105
f 2158//2105 2150//2096 2151//2097
f 2158//2105 2151//2097 2159//2106
f 2159//2106 2151//2097 2152//2098
f 2159//2106 2152//2098 2160//2107
f 2160//2107 2152//2098 2153//2099
f 2160//2107 2153//2099 2161//2108
f 2161//2108 2153//2099 2154//2100
f 2161//2108 2154//2100 2162//2109
f 2162//2109 2154//2100 2155//2101
f 2162//2109 2155//2101 2163//2110
f 2163//2110 2155//2101 2156//2102
f 2163//2110 2156//2102 2164//2103
f 2164//2103 2165//2111 2166//2112
f 2164//2103 2166//2112 2163//2110
f 2163//2110 2166//2112 2167//2113
f 2163//2110 2167//2113 2162//2109
f 2162//2109 2167//2113 2168//2114
f 2162//2109 2168//2114 2161//2108
f 2161//2108 2168//2114 2169//2115
f 2161//2108 2169//2115 2160//2107
f 2160//2107 2169//2115 2170//2116
f 2160//2107 2170//2116 2159//2106
f 2159//2106 2170//2116 2171//2117
f 2159//2106 2171//2117 2158//2105
f 2158//2105 2171//2117 2157//2104
f 2157//2104 2171//2117 2172//2118
f 2157//2104 2172//2118 2164//2103
f 2164//2103 2172//2118 2165//2111
f 2148//2079 2173//2119 2184//2120
f 2173//2119 2148//2079 2134//2081
f 2173//2119 2134//2081 2174//2121
f 2174//2121 2134//2081 2136//2083
f 2174//2121 2136//2083 2175//2122
f 2175//2122 2136//2083 2176//2123
f 2176//2123 2136//2083 2138//2085
f 2176//2123 2138//2085 2177//2124
f 2177//2124 2138//2085 2140//2087
f 2140//2087 2179//2125 2178//2126
f 2179//2125 2140//2087 2142//2089
f 2179//2125 2142//2089 2180//2127
f 2180//2127 2142//2089 2181//2128
f 2181//2128 2142//2089 2144//2091
f 2181//2128 2144//2091 2182//2129
f 2182//2129 2144//2091 2146//2093
f 2182//2129 2146//2093 2183//2130
f 2183//2130 2146//2093 2148//2079
f 2183//2130 2148//2079 2184//2120
f 2140//2087 2178//2126 2177//2124
f 2165//2111 2185//2131 2196//2132
f 2185//2131 2165//2111 2172//2118
f 2185//2131 2172//2118 2186//2133
f 2186//2133 2172//2118 2171//2117
f 2186//2133 2171//2117 2187//2134
f 2187//2134 2171//2117 2188//2135
f 2188//2135 2171//2117 2170//2116
f 2188//2135 2170//2116 2189//2136
f 2189//2136 2170//2116 2190//2137
f 2190//2137 2170//2116 2169//2115
f 2190//2137 2169//2115 2191//2138
f 2191//2138 2169//2115 2168//2114
f 2191//2138 2168//2114 2192//2139
f 2192//2139 2168//2114 2193//2140
f 2193//2140 2168//2114 2167//2113
f 2193//2140 2167//2113 2194//2141
f 2194//2141 2167//2113 2166//2112
f 2194//2141 2166//2112 2195//2142
f 2195//2142 2166//2112 2165//2111
f 2195//2142 2165//2111 2196//2132
f 2017//1963 2194//2141 2195//2142
f 2017//1963 2195//2142 2025//1968
f 2025//1968 2195//2142 2173//2119
f 2173//2119 2195//2142 2117//2063
f 2194//2141 2017//1963 2009//1955
f 2009//1955 2175//2122 2194//2141
f 2175//2122 2009//1955 2174//2121
f 2174//2121 2009//1955 2008//1954
f 2174//2121 2008//1954 2025//1968
f 2174//2121 2025//1968 2173//2119
f 2035//1981 2193//2140 2194//2141
f 2035//1981 2194//2141 2039//1986
f 2175//2122 2039//1986 2194//2141
f 2193//2140 2035//1981 2028//1974
f 2193//2140 2028//1974 2192//2139
f 2192//2139 2028//1974 2177//2124
f 2177//2124 2028//1974 2176//2123
f 2176//2123 2028//1974 2026//1973
f 2176//2123 2026//1973 2039//1986
f 2176//2123 2039//1986 2175//2122
f 2053//1999 2046//1991 2191//2138
f 2191//2138 2046//1991 2190//2137
f 2046//1991 2179//2125 2190//2137
f 2046//1991 2178//2126 2179//2125
f 2178//2126 2046//1991 2044//1990
f 2178//2126 2044//1990 2177//2124
f 2177//2124 2044//1990 2057//2004
f 2177//2124 2057//2004 2192//2139
f 2192//2139 2057//2004 2191//2138
f 2191//2138 2057//2004 2053//1999
f 2070//2016 2189//2136 2074//2021
f 2189//2136 2070//2016 2188//2135
f 2188//2135 2070//2016 2063//2008
f 2188//2135 2063//2008 2180//2127
f 2180//2127 2063//2008 2061//2007
f 2180//2127 2061//2007 2179//2125
f 2179//2125 2061//2007 2074//2021
f 2179//2125 2074//2021 2190//2137
f 2187//2134 2088//2034 2081//2026
f 2187//2134 2081//2026 2186//2133
f 2186//2133 2081//2026 2181//2128
f 2181//2128 2081//2026 2079//2025
f 2181//2128 2079//2025 2092//2039
f 2181//2128 2092//2039 2180//2127
f 2180//2127 2092//2039 2188//2135
f 2188//2135 2092//2039 2088//2034
f 2188//2135 2088//2034 2187//2134
f 2106//2052 2185//2131 2186//2133
f 2106//2052 2186//2133 2114//2057
f 2185//2131 2106//2052 2099//2044
f 2183//2130 2099//2044 2182//2129
f 2182//2129 2099//2044 2097//2043
f 2182//2129 2097//2043 2114//2057
f 2182//2129 2114//2057 2181//2128
f 2181//2128 2114//2057 2186//2133
f 2124//2070 2196//2132 2185//2131
f 2124//2070 2185//2131 2128//2075
f 2196//2132 2124//2070 2117//2063
f 2196//2132 2117//2063 2195//2142
f 2173//2119 2117//2063 2184//2120
f 2184//2120 2117//2063 2115//2062
f 2184//2120 2115//2062 2128//2075
f 2184//2120 2128//2075 2183//2130
f 2183//2130 2128//2075 2185//2131
f 2189//2136 2190//2137 2074//2021
f 2099//2044 2183//2130 2185//2131
f 2208//2143 2197//2144 2198//2145
f 2198//2145 2197//2144 2199//2146
f 2198//2145 2199//2146 2200//2147
f 2200//2147 2199//2146 2201//2148
f 2200//2147 2201//2148 2202//2149
f 2202//2149 2201//2148 2203//2150
f 2202//2149 2203//2150 2204//2151
f 2203//2150 2205//2152 2204//2151
f 2204//2151 2205//2152 2206//2153
f 2206//2153 2205//2152 2207//2154
f 2206//2153 2207//2154 2208//2143
f 2208//2143 2207//2154 2209//2155
f 2208//2143 2209//2155 2197//2144
f 2203//2150 2210//2156 2205//2152
f 2205//2152 2210//2156 2211//2157
f 2205//2152 2211//2157 2207//2154
f 2207//2154 2211//2157 2212//2158
f 2207//2154 2212//2158 2209//2155
f 2209//2155 2212//2158 2213//2159
f 2209//2155 2213//2159 2197//2144
f 2197//2144 2213//2159 2199//2146
f 2199//2146 2213//2159 2214//2160
f 2199//2146 2214//2160 2201//2148
f 2201//2148 2214//2160 2215//2161
f 2201//2148 2215//2161 2203//2150
f 2203//2150 2215//2161 2210//2156
f 2208//2143 2216//2162 2217//2163
f 2208//2143 2217//2163 2206//2153
f 2206//2153 2217//2163 2218//2164
f 2206//2153 2218//2164 2204//2151
f 2204//2151 2218//2164 2219//2165
f 2204//2151 2219//2165 2202//2149
f 2202//2149 2219//2165 2200//2147
f 2200//2147 2219//2165 2220//2166
f 2200//2147 2220//2166 2198//2145
f 2198//2145 2220//2166 2216//2162
f 2198//2145 2216//2162 2208//2143
f 2210//2156 2213//2159 2212//2158
f 2210//2156 2212//2158 2211//2157
f 2213//2159 2210//2156 2215//2161
f 2213//2159 2215//2161 2214//2160
f 2224//2167 2223//2168 2225//2169
f 2224//2167 2225//2169 2226//2170
f 2226//2170 2225//2169 2227//2171
f 2226//2170 2227//2171 2228//2172
f 2229//2173 2230//2174 2221//2175
f 2221//2175 2230//2174 2237//2176
f 2230//2174 2229//2173 2231//2177
f 2229//2173 2228//2172 2231//2177
f 2231//2177 2228//2172 2227//2171
f 2231//2177 2227//2171 2232//2178
f 2227//2171 2225//2169 2233//2179
f 2234//2180 2225//2169 2223//2168
f 2234//2180 2223//2168 2235//2181
f 2223//2168 2222//2182 2235//2181
f 2222//2182 2221//2175 2237//2176
f 2237//2176 2236//2183 2222//2182
f 2236//2183 2235//2181 2222//2182
f 2234//2180 2233//2179 2225//2169
f 2233//2179 2232//2178 2227//2171
f 2238//2184 2230//2174 2231//2177
f 2238//2184 2231//2177 2239//2185
f 2239//2185 2231//2177 2232//2178
f 2239//2185 2232//2178 2240//2186
f 2240//2186 2232//2178 2233//2179
f 2240//2186 2233//2179 2241//2187
f 2234//2180 2241//2187 2233//2179
f 2241//2187 2234//2180 2242//2188
f 2242//2188 2234//2180 2235//2181
f 2242//2188 2235//2181 2236//2183
f 2242//2188 2236//2183 2243//2189
f 2243//2189 2236//2183 2237//2176
f 2243//2189 2237//2176 2230//2174
f 2243//2189 2230//2174 2238//2184
f 2243//2189 2238//2184 2239//2185
f 2243//2189 2239//2185 2242//2188
f 2242//2188 2239//2185 2240//2186
f 2242//2188 2240//2186 2241//2187
f 2250//2190 2216//2162 2244//2191
f 2244//2191 2216//2162 2220//2166
f 2244//2191 2220//2166 2245//2192
f 2245//2192 2220//2166 2219//2165
f 2245//2192 2219//2165 2246//2193
f 2246//2193 2219//2165 2218//2164
f 2246//2193 2218//2164 2247//2194
f 2247//2194 2218//2164 2217//2163
f 2247//2194 2217//2163 2248//2195
f 2248//2195 2217//2163 2249//2196
f 2249//2196 2217//2163 2216//2162
f 2249//2196 2216//2162 2250//2190
f 2246//2193 2251//2197 2245//2192
f 2245//2192 2251//2197 2252//2198
f 2245//2192 2252//2198 2244//2191
f 2244//2191 2252//2198 2253//2199
f 2244//2191 2253//2199 2254//2200
f 2244//2191 2254//2200 2250//2190
f 2250//2190 2254//2200 2255//2201
f 2250//2190 2255//2201 2249//2196
f 2249//2196 2255//2201 2256//2202
f 2249//2196 2256//2202 2248//2195
f 2248//2195 2256//2202 2257//2203
f 2248//2195 2257//2203 2247//2194
f 2247//2194 2257//2203 2258//2204
f 2247//2194 2258//2204 2246//2193
f 2246//2193 2258//2204 2251//2197
f 2254//2200 2229//2173 2255//2201
f 2255//2201 2229//2173 2221//2175
f 2255//2201 2221//2175 2222//2182
f 2255//2201 2222//2182 2256//2202
f 2256//2202 2222//2182 2257//2203
f 2257//2203 2222//2182 2223//2168
f 2257//2203 2223//2168 2224//2167
f 2257//2203 2224//2167 2258//2204
f 2258//2204 2224//2167 2251//2197
f 2251//2197 2224//2167 2226//2170
f 2251//2197 2226//2170 2252//2198
f 2252//2198 2226//2170 2228//2172
f 2252//2198 2228//2172 2253//2199
f 2253//2199 2228//2172 2229//2173
f 2253//2199 2229//2173 2254//2200
